year,cma_code,cma_name,appl_risk_class,licence_type_desc,active_device_count,active_licence_count,seniors_65plus
1998,535,Toronto,2,Device Family,4,4,1002645
1998,535,Toronto,2,Device Group Family,2,1,1002645
1998,535,Toronto,2,Single Device,1,1,1002645
1998,NA,Unmapped / Out-of-scope,2,Device Family,4,2,
1998,NA,Unmapped / Out-of-scope,2,Test Kit,3,3,
1999,530,Kawartha Lakes,2,Device Family,4,4,
1999,530,Kawartha Lakes,2,Device Group,2,2,
1999,530,Kawartha Lakes,2,Device Group Family,3,3,
1999,530,Kawartha Lakes,2,Single Device,14,14,
1999,530,Kawartha Lakes,3,Device Group Family,1,1,
1999,532,Oshawa,2,Device Family,2,1,65435
1999,532,Oshawa,2,Test Kit,1,1,65435
1999,535,Toronto,2,Device Family,35,22,1002645
1999,535,Toronto,2,Device Group,1,1,1002645
1999,535,Toronto,2,Device Group Family,9,7,1002645
1999,535,Toronto,2,Single Device,2,2,1002645
1999,535,Toronto,3,Device Family,26,4,1002645
1999,535,Toronto,3,System,2,1,1002645
1999,537,Hamilton,2,Device Family,3,1,149635
1999,537,Hamilton,2,Test Kit,5,5,149635
1999,568,Barrie,2,Device Family,1,1,34440
1999,NA,Unmapped / Out-of-scope,2,Device Family,64,37,
1999,NA,Unmapped / Out-of-scope,2,Device Group,15,3,
1999,NA,Unmapped / Out-of-scope,2,Device Group Family,22,13,
1999,NA,Unmapped / Out-of-scope,2,Single Device,10,10,
1999,NA,Unmapped / Out-of-scope,2,System,11,4,
1999,NA,Unmapped / Out-of-scope,2,Test Kit,22,22,
1999,NA,Unmapped / Out-of-scope,3,Device Family,2,1,
1999,NA,Unmapped / Out-of-scope,3,System,1,1,
2000,530,Kawartha Lakes,2,Device Family,6,5,
2000,530,Kawartha Lakes,2,Device Group,2,2,
2000,530,Kawartha Lakes,2,Device Group Family,3,3,
2000,530,Kawartha Lakes,2,Single Device,14,14,
2000,530,Kawartha Lakes,3,Device Group Family,1,1,
2000,532,Oshawa,2,Device Family,2,1,65435
2000,532,Oshawa,2,Test Kit,1,1,65435
2000,535,Toronto,2,Device Family,39,23,1002645
2000,535,Toronto,2,Device Group,1,1,1002645
2000,535,Toronto,2,Device Group Family,18,11,1002645
2000,535,Toronto,2,Single Device,2,2,1002645
2000,535,Toronto,2,System,2,2,1002645
2000,535,Toronto,3,Device Family,26,4,1002645
2000,535,Toronto,3,System,2,1,1002645
2000,537,Hamilton,2,Device Family,3,1,149635
2000,537,Hamilton,2,Test Kit,5,5,149635
2000,568,Barrie,2,Device Family,1,1,34440
2000,NA,Unmapped / Out-of-scope,2,Device Family,79,44,
2000,NA,Unmapped / Out-of-scope,2,Device Group,15,3,
2000,NA,Unmapped / Out-of-scope,2,Device Group Family,24,15,
2000,NA,Unmapped / Out-of-scope,2,Single Device,18,18,
2000,NA,Unmapped / Out-of-scope,2,System,11,4,
2000,NA,Unmapped / Out-of-scope,2,Test Kit,22,22,
2000,NA,Unmapped / Out-of-scope,3,Device Family,2,1,
2000,NA,Unmapped / Out-of-scope,3,Device Group Family,6,2,
2000,NA,Unmapped / Out-of-scope,3,System,1,1,
2001,530,Kawartha Lakes,2,Device Family,6,5,
2001,530,Kawartha Lakes,2,Device Group,2,2,
2001,530,Kawartha Lakes,2,Device Group Family,3,3,
2001,530,Kawartha Lakes,2,Single Device,14,14,
2001,530,Kawartha Lakes,3,Device Group Family,1,1,
2001,532,Oshawa,2,Device Family,2,1,65435
2001,532,Oshawa,2,Test Kit,1,1,65435
2001,535,Toronto,2,Device Family,42,25,1002645
2001,535,Toronto,2,Device Group,1,1,1002645
2001,535,Toronto,2,Device Group Family,18,11,1002645
2001,535,Toronto,2,Single Device,3,3,1002645
2001,535,Toronto,2,System,2,2,1002645
2001,535,Toronto,3,Device Family,26,4,1002645
2001,535,Toronto,3,System,2,1,1002645
2001,537,Hamilton,2,Device Family,3,1,149635
2001,537,Hamilton,2,Test Kit,6,6,149635
2001,568,Barrie,2,Device Family,2,2,34440
2001,NA,Unmapped / Out-of-scope,2,Device Family,89,48,
2001,NA,Unmapped / Out-of-scope,2,Device Group,15,3,
2001,NA,Unmapped / Out-of-scope,2,Device Group Family,28,16,
2001,NA,Unmapped / Out-of-scope,2,Single Device,19,19,
2001,NA,Unmapped / Out-of-scope,2,System,11,4,
2001,NA,Unmapped / Out-of-scope,2,Test Kit,26,26,
2001,NA,Unmapped / Out-of-scope,3,Device Family,14,7,
2001,NA,Unmapped / Out-of-scope,3,Device Group Family,6,2,
2001,NA,Unmapped / Out-of-scope,3,Single Device,1,1,
2001,NA,Unmapped / Out-of-scope,3,System,3,2,
2001,NA,Unmapped / Out-of-scope,4,System,3,1,
2002,530,Kawartha Lakes,2,Device Family,6,5,
2002,530,Kawartha Lakes,2,Device Group,2,2,
2002,530,Kawartha Lakes,2,Device Group Family,3,3,
2002,530,Kawartha Lakes,2,Single Device,14,14,
2002,530,Kawartha Lakes,3,Device Group Family,1,1,
2002,532,Oshawa,2,Device Family,2,1,65435
2002,532,Oshawa,2,Test Kit,1,1,65435
2002,535,Toronto,2,Device Family,51,30,1002645
2002,535,Toronto,2,Device Group,1,1,1002645
2002,535,Toronto,2,Device Group Family,18,11,1002645
2002,535,Toronto,2,Single Device,3,3,1002645
2002,535,Toronto,2,System,4,3,1002645
2002,535,Toronto,3,Device Family,26,4,1002645
2002,535,Toronto,3,System,2,1,1002645
2002,535,Toronto,3,Test Kit,1,1,1002645
2002,537,Hamilton,2,Device Family,3,1,149635
2002,537,Hamilton,2,Test Kit,6,6,149635
2002,568,Barrie,2,Device Family,2,2,34440
2002,568,Barrie,2,Single Device,1,1,34440
2002,NA,Unmapped / Out-of-scope,2,Device Family,123,63,
2002,NA,Unmapped / Out-of-scope,2,Device Group,15,3,
2002,NA,Unmapped / Out-of-scope,2,Device Group Family,38,19,
2002,NA,Unmapped / Out-of-scope,2,Single Device,20,20,
2002,NA,Unmapped / Out-of-scope,2,System,12,5,
2002,NA,Unmapped / Out-of-scope,2,Test Kit,29,29,
2002,NA,Unmapped / Out-of-scope,3,Device Family,18,9,
2002,NA,Unmapped / Out-of-scope,3,Device Group Family,6,2,
2002,NA,Unmapped / Out-of-scope,3,Single Device,1,1,
2002,NA,Unmapped / Out-of-scope,3,System,7,4,
2002,NA,Unmapped / Out-of-scope,4,System,3,1,
2003,530,Kawartha Lakes,2,Device Family,6,5,
2003,530,Kawartha Lakes,2,Device Group,2,2,
2003,530,Kawartha Lakes,2,Device Group Family,3,3,
2003,530,Kawartha Lakes,2,Single Device,14,14,
2003,530,Kawartha Lakes,3,Device Group Family,1,1,
2003,532,Oshawa,2,Device Family,2,1,65435
2003,532,Oshawa,2,Test Kit,1,1,65435
2003,535,Toronto,2,Device Family,51,30,1002645
2003,535,Toronto,2,Device Group,1,1,1002645
2003,535,Toronto,2,Device Group Family,19,12,1002645
2003,535,Toronto,2,Single Device,3,3,1002645
2003,535,Toronto,2,System,6,4,1002645
2003,535,Toronto,3,Device Family,31,6,1002645
2003,535,Toronto,3,System,2,1,1002645
2003,535,Toronto,3,Test Kit,1,1,1002645
2003,537,Hamilton,2,Device Family,4,2,149635
2003,537,Hamilton,2,Test Kit,6,6,149635
2003,568,Barrie,2,Device Family,6,3,34440
2003,568,Barrie,2,Single Device,1,1,34440
2003,NA,Unmapped / Out-of-scope,2,Device Family,131,68,
2003,NA,Unmapped / Out-of-scope,2,Device Group,15,3,
2003,NA,Unmapped / Out-of-scope,2,Device Group Family,41,19,
2003,NA,Unmapped / Out-of-scope,2,Single Device,21,20,
2003,NA,Unmapped / Out-of-scope,2,System,22,6,
2003,NA,Unmapped / Out-of-scope,2,Test Kit,39,39,
2003,NA,Unmapped / Out-of-scope,3,Device Family,18,9,
2003,NA,Unmapped / Out-of-scope,3,Device Group Family,6,2,
2003,NA,Unmapped / Out-of-scope,3,Single Device,1,1,
2003,NA,Unmapped / Out-of-scope,3,System,7,4,
2003,NA,Unmapped / Out-of-scope,4,System,3,1,
2004,530,Kawartha Lakes,2,Device Family,6,5,
2004,530,Kawartha Lakes,2,Device Group,2,2,
2004,530,Kawartha Lakes,2,Device Group Family,3,3,
2004,530,Kawartha Lakes,2,Single Device,14,14,
2004,530,Kawartha Lakes,3,Device Group Family,1,1,
2004,532,Oshawa,2,Device Family,2,1,65435
2004,532,Oshawa,2,Test Kit,1,1,65435
2004,535,Toronto,2,Device Family,59,33,1002645
2004,535,Toronto,2,Device Group,1,1,1002645
2004,535,Toronto,2,Device Group Family,19,12,1002645
2004,535,Toronto,2,Single Device,3,3,1002645
2004,535,Toronto,2,System,12,6,1002645
2004,535,Toronto,2,Test Kit,1,1,1002645
2004,535,Toronto,3,Device Family,32,7,1002645
2004,535,Toronto,3,System,2,1,1002645
2004,535,Toronto,3,Test Kit,1,1,1002645
2004,537,Hamilton,2,Device Family,4,2,149635
2004,537,Hamilton,2,Test Kit,26,13,149635
2004,568,Barrie,2,Device Family,7,4,34440
2004,568,Barrie,2,Single Device,1,1,34440
2004,NA,Unmapped / Out-of-scope,2,Device Family,180,93,
2004,NA,Unmapped / Out-of-scope,2,Device Group,17,5,
2004,NA,Unmapped / Out-of-scope,2,Device Group Family,56,25,
2004,NA,Unmapped / Out-of-scope,2,Single Device,24,23,
2004,NA,Unmapped / Out-of-scope,2,System,22,6,
2004,NA,Unmapped / Out-of-scope,2,Test Kit,43,43,
2004,NA,Unmapped / Out-of-scope,3,Device Family,18,9,
2004,NA,Unmapped / Out-of-scope,3,Device Group Family,6,2,
2004,NA,Unmapped / Out-of-scope,3,Single Device,2,1,
2004,NA,Unmapped / Out-of-scope,3,System,21,8,
2004,NA,Unmapped / Out-of-scope,3,Test Kit,1,1,
2004,NA,Unmapped / Out-of-scope,4,System,3,1,
2005,530,Kawartha Lakes,2,Device Family,6,5,
2005,530,Kawartha Lakes,2,Device Group,2,2,
2005,530,Kawartha Lakes,2,Device Group Family,3,3,
2005,530,Kawartha Lakes,2,Single Device,14,14,
2005,530,Kawartha Lakes,3,Device Group Family,2,2,
2005,532,Oshawa,2,Device Family,2,1,65435
2005,532,Oshawa,2,Test Kit,1,1,65435
2005,535,Toronto,2,Device Family,82,43,1002645
2005,535,Toronto,2,Device Group,1,1,1002645
2005,535,Toronto,2,Device Group Family,23,14,1002645
2005,535,Toronto,2,Single Device,4,4,1002645
2005,535,Toronto,2,System,12,6,1002645
2005,535,Toronto,2,Test Kit,1,1,1002645
2005,535,Toronto,3,Device Family,34,9,1002645
2005,535,Toronto,3,System,2,1,1002645
2005,535,Toronto,3,Test Kit,1,1,1002645
2005,537,Hamilton,2,Device Family,6,3,149635
2005,537,Hamilton,2,Test Kit,27,14,149635
2005,568,Barrie,2,Device Family,7,4,34440
2005,568,Barrie,2,Single Device,1,1,34440
2005,NA,Unmapped / Out-of-scope,2,Device Family,206,104,
2005,NA,Unmapped / Out-of-scope,2,Device Group,17,5,
2005,NA,Unmapped / Out-of-scope,2,Device Group Family,59,27,
2005,NA,Unmapped / Out-of-scope,2,Single Device,28,27,
2005,NA,Unmapped / Out-of-scope,2,System,48,9,
2005,NA,Unmapped / Out-of-scope,2,Test Kit,46,46,
2005,NA,Unmapped / Out-of-scope,3,Device Family,18,9,
2005,NA,Unmapped / Out-of-scope,3,Device Group Family,7,2,
2005,NA,Unmapped / Out-of-scope,3,Single Device,3,2,
2005,NA,Unmapped / Out-of-scope,3,System,29,10,
2005,NA,Unmapped / Out-of-scope,3,Test Kit,1,1,
2005,NA,Unmapped / Out-of-scope,4,Device Family,9,1,
2005,NA,Unmapped / Out-of-scope,4,System,3,1,
2005,NA,Unmapped / Out-of-scope,4,Test Kit,1,1,
2006,530,Kawartha Lakes,2,Device Family,6,5,
2006,530,Kawartha Lakes,2,Device Group,2,2,
2006,530,Kawartha Lakes,2,Device Group Family,3,3,
2006,530,Kawartha Lakes,2,Single Device,14,14,
2006,530,Kawartha Lakes,3,Device Group Family,2,2,
2006,532,Oshawa,2,Device Family,2,1,65435
2006,532,Oshawa,2,Test Kit,1,1,65435
2006,535,Toronto,2,Device Family,125,50,1002645
2006,535,Toronto,2,Device Group,1,1,1002645
2006,535,Toronto,2,Device Group Family,32,18,1002645
2006,535,Toronto,2,Single Device,4,4,1002645
2006,535,Toronto,2,System,14,8,1002645
2006,535,Toronto,2,Test Kit,1,1,1002645
2006,535,Toronto,3,Device Family,34,9,1002645
2006,535,Toronto,3,System,2,1,1002645
2006,535,Toronto,3,Test Kit,1,1,1002645
2006,535,Toronto,4,Single Device,1,1,1002645
2006,537,Hamilton,2,Device Family,6,3,149635
2006,537,Hamilton,2,Test Kit,27,14,149635
2006,541,Kitchener - Cambridge - Waterloo,2,Device Family,31,6,89705
2006,568,Barrie,2,Device Family,9,6,34440
2006,568,Barrie,2,Device Group Family,3,1,34440
2006,568,Barrie,2,Single Device,1,1,34440
2006,NA,Unmapped / Out-of-scope,2,Device Family,237,119,
2006,NA,Unmapped / Out-of-scope,2,Device Group,17,5,
2006,NA,Unmapped / Out-of-scope,2,Device Group Family,71,34,
2006,NA,Unmapped / Out-of-scope,2,Single Device,32,31,
2006,NA,Unmapped / Out-of-scope,2,System,71,13,
2006,NA,Unmapped / Out-of-scope,2,Test Kit,48,47,
2006,NA,Unmapped / Out-of-scope,3,Device Family,25,13,
2006,NA,Unmapped / Out-of-scope,3,Device Group Family,10,3,
2006,NA,Unmapped / Out-of-scope,3,Single Device,3,2,
2006,NA,Unmapped / Out-of-scope,3,System,36,13,
2006,NA,Unmapped / Out-of-scope,3,Test Kit,2,2,
2006,NA,Unmapped / Out-of-scope,4,Device Family,9,1,
2006,NA,Unmapped / Out-of-scope,4,System,3,1,
2006,NA,Unmapped / Out-of-scope,4,Test Kit,1,1,
2007,530,Kawartha Lakes,2,Device Family,6,5,
2007,530,Kawartha Lakes,2,Device Group,2,2,
2007,530,Kawartha Lakes,2,Device Group Family,3,3,
2007,530,Kawartha Lakes,2,Single Device,14,14,
2007,530,Kawartha Lakes,3,Device Group Family,2,2,
2007,532,Oshawa,2,Device Family,2,1,65435
2007,532,Oshawa,2,Test Kit,1,1,65435
2007,535,Toronto,2,Device Family,148,54,1002645
2007,535,Toronto,2,Device Group,2,2,1002645
2007,535,Toronto,2,Device Group Family,44,20,1002645
2007,535,Toronto,2,Single Device,6,6,1002645
2007,535,Toronto,2,System,19,8,1002645
2007,535,Toronto,2,Test Kit,1,1,1002645
2007,535,Toronto,3,Device Family,35,9,1002645
2007,535,Toronto,3,System,2,1,1002645
2007,535,Toronto,3,Test Kit,1,1,1002645
2007,535,Toronto,4,Single Device,1,1,1002645
2007,537,Hamilton,2,Device Family,9,4,149635
2007,537,Hamilton,2,Test Kit,29,16,149635
2007,541,Kitchener - Cambridge - Waterloo,2,Device Family,32,6,89705
2007,541,Kitchener - Cambridge - Waterloo,2,System,3,1,89705
2007,568,Barrie,2,Device Family,10,6,34440
2007,568,Barrie,2,Device Group Family,4,2,34440
2007,568,Barrie,2,Single Device,1,1,34440
2007,NA,Unmapped / Out-of-scope,2,Device Family,312,145,
2007,NA,Unmapped / Out-of-scope,2,Device Group,18,6,
2007,NA,Unmapped / Out-of-scope,2,Device Group Family,97,43,
2007,NA,Unmapped / Out-of-scope,2,Single Device,36,35,
2007,NA,Unmapped / Out-of-scope,2,System,76,14,
2007,NA,Unmapped / Out-of-scope,2,Test Kit,66,65,
2007,NA,Unmapped / Out-of-scope,3,Device Family,29,14,
2007,NA,Unmapped / Out-of-scope,3,Device Group Family,14,4,
2007,NA,Unmapped / Out-of-scope,3,Single Device,4,3,
2007,NA,Unmapped / Out-of-scope,3,System,40,13,
2007,NA,Unmapped / Out-of-scope,3,Test Kit,2,2,
2007,NA,Unmapped / Out-of-scope,4,Device Family,9,1,
2007,NA,Unmapped / Out-of-scope,4,System,3,1,
2007,NA,Unmapped / Out-of-scope,4,Test Kit,1,1,
2008,530,Kawartha Lakes,2,Device Family,6,5,
2008,530,Kawartha Lakes,2,Device Group,2,2,
2008,530,Kawartha Lakes,2,Device Group Family,3,3,
2008,530,Kawartha Lakes,2,Single Device,14,14,
2008,530,Kawartha Lakes,3,Device Group Family,2,2,
2008,532,Oshawa,2,Device Family,2,1,65435
2008,532,Oshawa,2,Test Kit,1,1,65435
2008,535,Toronto,2,Device Family,181,64,1002645
2008,535,Toronto,2,Device Group,2,2,1002645
2008,535,Toronto,2,Device Group Family,71,27,1002645
2008,535,Toronto,2,Single Device,7,7,1002645
2008,535,Toronto,2,System,26,9,1002645
2008,535,Toronto,2,Test Kit,2,2,1002645
2008,535,Toronto,3,Device Family,35,9,1002645
2008,535,Toronto,3,System,2,1,1002645
2008,535,Toronto,3,Test Kit,1,1,1002645
2008,535,Toronto,4,Single Device,1,1,1002645
2008,537,Hamilton,2,Device Family,9,4,149635
2008,537,Hamilton,2,Test Kit,31,18,149635
2008,541,Kitchener - Cambridge - Waterloo,2,Device Family,32,6,89705
2008,541,Kitchener - Cambridge - Waterloo,2,Single Device,1,1,89705
2008,541,Kitchener - Cambridge - Waterloo,2,System,3,1,89705
2008,568,Barrie,2,Device Family,12,8,34440
2008,568,Barrie,2,Device Group Family,4,2,34440
2008,568,Barrie,2,Single Device,1,1,34440
2008,NA,Unmapped / Out-of-scope,2,Device Family,343,159,
2008,NA,Unmapped / Out-of-scope,2,Device Group,19,7,
2008,NA,Unmapped / Out-of-scope,2,Device Group Family,107,43,
2008,NA,Unmapped / Out-of-scope,2,Single Device,40,39,
2008,NA,Unmapped / Out-of-scope,2,System,85,17,
2008,NA,Unmapped / Out-of-scope,2,Test Kit,68,67,
2008,NA,Unmapped / Out-of-scope,3,Device Family,34,16,
2008,NA,Unmapped / Out-of-scope,3,Device Group Family,16,6,
2008,NA,Unmapped / Out-of-scope,3,Single Device,5,4,
2008,NA,Unmapped / Out-of-scope,3,System,46,14,
2008,NA,Unmapped / Out-of-scope,3,Test Kit,3,3,
2008,NA,Unmapped / Out-of-scope,4,Device Family,9,1,
2008,NA,Unmapped / Out-of-scope,4,System,3,1,
2008,NA,Unmapped / Out-of-scope,4,Test Kit,1,1,
2009,530,Kawartha Lakes,2,Device Family,6,5,
2009,530,Kawartha Lakes,2,Device Group,2,2,
2009,530,Kawartha Lakes,2,Device Group Family,22,3,
2009,530,Kawartha Lakes,2,Single Device,14,14,
2009,530,Kawartha Lakes,3,Device Group Family,2,2,
2009,532,Oshawa,2,Device Family,2,1,65435
2009,532,Oshawa,2,Test Kit,1,1,65435
2009,535,Toronto,2,Device Family,211,67,1002645
2009,535,Toronto,2,Device Group,3,3,1002645
2009,535,Toronto,2,Device Group Family,84,31,1002645
2009,535,Toronto,2,Single Device,10,10,1002645
2009,535,Toronto,2,System,26,9,1002645
2009,535,Toronto,2,Test Kit,14,5,1002645
2009,535,Toronto,3,Device Family,39,9,1002645
2009,535,Toronto,3,System,2,1,1002645
2009,535,Toronto,3,Test Kit,1,1,1002645
2009,535,Toronto,4,Single Device,1,1,1002645
2009,537,Hamilton,2,Device Family,9,4,149635
2009,537,Hamilton,2,Test Kit,32,18,149635
2009,541,Kitchener - Cambridge - Waterloo,2,Device Family,32,6,89705
2009,541,Kitchener - Cambridge - Waterloo,2,Single Device,1,1,89705
2009,541,Kitchener - Cambridge - Waterloo,2,System,3,1,89705
2009,568,Barrie,2,Device Family,27,11,34440
2009,568,Barrie,2,Device Group Family,4,2,34440
2009,568,Barrie,2,Single Device,1,1,34440
2009,NA,Unmapped / Out-of-scope,2,Device Family,426,191,
2009,NA,Unmapped / Out-of-scope,2,Device Group,19,7,
2009,NA,Unmapped / Out-of-scope,2,Device Group Family,127,51,
2009,NA,Unmapped / Out-of-scope,2,Single Device,43,42,
2009,NA,Unmapped / Out-of-scope,2,System,100,21,
2009,NA,Unmapped / Out-of-scope,2,Test Kit,125,89,
2009,NA,Unmapped / Out-of-scope,3,Device Family,41,18,
2009,NA,Unmapped / Out-of-scope,3,Device Group,1,1,
2009,NA,Unmapped / Out-of-scope,3,Device Group Family,17,6,
2009,NA,Unmapped / Out-of-scope,3,Single Device,5,4,
2009,NA,Unmapped / Out-of-scope,3,System,50,16,
2009,NA,Unmapped / Out-of-scope,3,Test Kit,4,4,
2009,NA,Unmapped / Out-of-scope,4,Device Family,9,1,
2009,NA,Unmapped / Out-of-scope,4,System,3,1,
2009,NA,Unmapped / Out-of-scope,4,Test Kit,2,2,
2010,530,Kawartha Lakes,2,Device Family,8,7,
2010,530,Kawartha Lakes,2,Device Group,2,2,
2010,530,Kawartha Lakes,2,Device Group Family,22,3,
2010,530,Kawartha Lakes,2,Single Device,14,14,
2010,530,Kawartha Lakes,3,Device Group Family,2,2,
2010,532,Oshawa,2,Device Family,2,1,65435
2010,532,Oshawa,2,Test Kit,1,1,65435
2010,535,Toronto,2,Device Family,252,75,1002645
2010,535,Toronto,2,Device Group,3,3,1002645
2010,535,Toronto,2,Device Group Family,84,31,1002645
2010,535,Toronto,2,Single Device,14,14,1002645
2010,535,Toronto,2,System,39,10,1002645
2010,535,Toronto,2,Test Kit,18,9,1002645
2010,535,Toronto,3,Device Family,59,14,1002645
2010,535,Toronto,3,System,10,2,1002645
2010,535,Toronto,3,Test Kit,45,3,1002645
2010,535,Toronto,4,Single Device,3,3,1002645
2010,537,Hamilton,2,Device Family,9,4,149635
2010,537,Hamilton,2,Single Device,1,1,149635
2010,537,Hamilton,2,Test Kit,32,18,149635
2010,541,Kitchener - Cambridge - Waterloo,2,Device Family,37,10,89705
2010,541,Kitchener - Cambridge - Waterloo,2,Device Group,1,1,89705
2010,541,Kitchener - Cambridge - Waterloo,2,Single Device,1,1,89705
2010,541,Kitchener - Cambridge - Waterloo,2,System,3,1,89705
2010,568,Barrie,2,Device Family,27,11,34440
2010,568,Barrie,2,Device Group Family,4,2,34440
2010,568,Barrie,2,Single Device,1,1,34440
2010,NA,Unmapped / Out-of-scope,2,Device Family,554,220,
2010,NA,Unmapped / Out-of-scope,2,Device Group,23,10,
2010,NA,Unmapped / Out-of-scope,2,Device Group Family,226,77,
2010,NA,Unmapped / Out-of-scope,2,Single Device,51,48,
2010,NA,Unmapped / Out-of-scope,2,System,113,23,
2010,NA,Unmapped / Out-of-scope,2,Test Kit,138,94,
2010,NA,Unmapped / Out-of-scope,3,Device Family,42,19,
2010,NA,Unmapped / Out-of-scope,3,Device Group,1,1,
2010,NA,Unmapped / Out-of-scope,3,Device Group Family,18,7,
2010,NA,Unmapped / Out-of-scope,3,Single Device,5,4,
2010,NA,Unmapped / Out-of-scope,3,System,50,16,
2010,NA,Unmapped / Out-of-scope,3,Test Kit,10,9,
2010,NA,Unmapped / Out-of-scope,4,Device Family,10,2,
2010,NA,Unmapped / Out-of-scope,4,Single Device,1,1,
2010,NA,Unmapped / Out-of-scope,4,System,3,1,
2010,NA,Unmapped / Out-of-scope,4,Test Kit,2,2,
2011,530,Kawartha Lakes,2,Device Family,8,7,
2011,530,Kawartha Lakes,2,Device Group,2,2,
2011,530,Kawartha Lakes,2,Device Group Family,26,3,
2011,530,Kawartha Lakes,2,Single Device,14,14,
2011,530,Kawartha Lakes,3,Device Group Family,2,2,
2011,532,Oshawa,2,Device Family,2,1,65435
2011,532,Oshawa,2,Test Kit,1,1,65435
2011,535,Toronto,2,Device Family,269,81,1002645
2011,535,Toronto,2,Device Group,4,4,1002645
2011,535,Toronto,2,Device Group Family,91,31,1002645
2011,535,Toronto,2,Single Device,16,16,1002645
2011,535,Toronto,2,System,51,13,1002645
2011,535,Toronto,2,Test Kit,18,9,1002645
2011,535,Toronto,3,Device Family,59,14,1002645
2011,535,Toronto,3,System,10,2,1002645
2011,535,Toronto,3,Test Kit,46,4,1002645
2011,535,Toronto,4,Device Group Family,1,1,1002645
2011,535,Toronto,4,Single Device,3,3,1002645
2011,537,Hamilton,2,Device Family,9,4,149635
2011,537,Hamilton,2,Single Device,1,1,149635
2011,537,Hamilton,2,Test Kit,32,18,149635
2011,541,Kitchener - Cambridge - Waterloo,2,Device Family,37,10,89705
2011,541,Kitchener - Cambridge - Waterloo,2,Device Group,1,1,89705
2011,541,Kitchener - Cambridge - Waterloo,2,Single Device,1,1,89705
2011,541,Kitchener - Cambridge - Waterloo,2,System,3,1,89705
2011,568,Barrie,2,Device Family,27,11,34440
2011,568,Barrie,2,Device Group Family,4,2,34440
2011,568,Barrie,2,Single Device,1,1,34440
2011,NA,Unmapped / Out-of-scope,2,Device Family,676,251,
2011,NA,Unmapped / Out-of-scope,2,Device Group,24,11,
2011,NA,Unmapped / Out-of-scope,2,Device Group Family,256,81,
2011,NA,Unmapped / Out-of-scope,2,Single Device,57,54,
2011,NA,Unmapped / Out-of-scope,2,System,127,26,
2011,NA,Unmapped / Out-of-scope,2,Test Kit,138,94,
2011,NA,Unmapped / Out-of-scope,3,Device Family,43,19,
2011,NA,Unmapped / Out-of-scope,3,Device Group,3,3,
2011,NA,Unmapped / Out-of-scope,3,Device Group Family,23,8,
2011,NA,Unmapped / Out-of-scope,3,Single Device,7,6,
2011,NA,Unmapped / Out-of-scope,3,System,53,17,
2011,NA,Unmapped / Out-of-scope,3,Test Kit,10,9,
2011,NA,Unmapped / Out-of-scope,4,Device Family,11,3,
2011,NA,Unmapped / Out-of-scope,4,Single Device,1,1,
2011,NA,Unmapped / Out-of-scope,4,System,3,1,
2011,NA,Unmapped / Out-of-scope,4,Test Kit,2,2,
2012,505,Ottawa - Gatineau (Ontario part / partie de l'Ontario),2,Device Family,1,1,195980
2012,530,Kawartha Lakes,2,Device Family,8,7,
2012,530,Kawartha Lakes,2,Device Group,2,2,
2012,530,Kawartha Lakes,2,Device Group Family,28,3,
2012,530,Kawartha Lakes,2,Single Device,14,14,
2012,530,Kawartha Lakes,3,Device Group Family,2,2,
2012,532,Oshawa,2,Device Family,2,1,65435
2012,532,Oshawa,2,Test Kit,1,1,65435
2012,535,Toronto,2,Device Family,303,91,1002645
2012,535,Toronto,2,Device Group,6,6,1002645
2012,535,Toronto,2,Device Group Family,99,31,1002645
2012,535,Toronto,2,Single Device,19,19,1002645
2012,535,Toronto,2,System,51,13,1002645
2012,535,Toronto,2,Test Kit,18,9,1002645
2012,535,Toronto,3,Device Family,60,15,1002645
2012,535,Toronto,3,Device Group Family,6,1,1002645
2012,535,Toronto,3,System,17,3,1002645
2012,535,Toronto,3,Test Kit,48,4,1002645
2012,535,Toronto,4,Device Family,1,1,1002645
2012,535,Toronto,4,Device Group Family,1,1,1002645
2012,535,Toronto,4,Single Device,3,3,1002645
2012,537,Hamilton,2,Device Family,16,7,149635
2012,537,Hamilton,2,Single Device,1,1,149635
2012,537,Hamilton,2,Test Kit,33,19,149635
2012,537,Hamilton,3,Test Kit,1,1,149635
2012,541,Kitchener - Cambridge - Waterloo,2,Device Family,37,10,89705
2012,541,Kitchener - Cambridge - Waterloo,2,Device Group,1,1,89705
2012,541,Kitchener - Cambridge - Waterloo,2,Single Device,1,1,89705
2012,541,Kitchener - Cambridge - Waterloo,2,System,3,1,89705
2012,541,Kitchener - Cambridge - Waterloo,3,Device Family,2,1,89705
2012,568,Barrie,2,Device Family,28,12,34440
2012,568,Barrie,2,Device Group Family,4,2,34440
2012,568,Barrie,2,Single Device,2,1,34440
2012,NA,Unmapped / Out-of-scope,2,Device Family,857,283,
2012,NA,Unmapped / Out-of-scope,2,Device Group,25,12,
2012,NA,Unmapped / Out-of-scope,2,Device Group Family,265,84,
2012,NA,Unmapped / Out-of-scope,2,Single Device,70,67,
2012,NA,Unmapped / Out-of-scope,2,System,153,29,
2012,NA,Unmapped / Out-of-scope,2,Test Kit,140,96,
2012,NA,Unmapped / Out-of-scope,3,Device Family,43,19,
2012,NA,Unmapped / Out-of-scope,3,Device Group,3,3,
2012,NA,Unmapped / Out-of-scope,3,Device Group Family,27,10,
2012,NA,Unmapped / Out-of-scope,3,Single Device,7,6,
2012,NA,Unmapped / Out-of-scope,3,System,93,22,
2012,NA,Unmapped / Out-of-scope,3,Test Kit,10,9,
2012,NA,Unmapped / Out-of-scope,4,Device Family,11,3,
2012,NA,Unmapped / Out-of-scope,4,Single Device,1,1,
2012,NA,Unmapped / Out-of-scope,4,System,3,1,
2012,NA,Unmapped / Out-of-scope,4,Test Kit,2,2,
2013,505,Ottawa - Gatineau (Ontario part / partie de l'Ontario),2,Device Family,1,1,195980
2013,530,Kawartha Lakes,2,Device Family,8,7,
2013,530,Kawartha Lakes,2,Device Group,2,2,
2013,530,Kawartha Lakes,2,Device Group Family,28,3,
2013,530,Kawartha Lakes,2,Single Device,14,14,
2013,530,Kawartha Lakes,3,Device Group Family,2,2,
2013,532,Oshawa,2,Device Family,2,1,65435
2013,532,Oshawa,2,Test Kit,2,2,65435
2013,535,Toronto,2,Device Family,321,98,1002645
2013,535,Toronto,2,Device Group,8,8,1002645
2013,535,Toronto,2,Device Group Family,100,31,1002645
2013,535,Toronto,2,Single Device,21,21,1002645
2013,535,Toronto,2,System,52,14,1002645
2013,535,Toronto,2,Test Kit,20,11,1002645
2013,535,Toronto,3,Device Family,60,15,1002645
2013,535,Toronto,3,Device Group Family,6,1,1002645
2013,535,Toronto,3,System,24,4,1002645
2013,535,Toronto,3,Test Kit,48,4,1002645
2013,535,Toronto,4,Device Family,1,1,1002645
2013,535,Toronto,4,Device Group Family,1,1,1002645
2013,535,Toronto,4,Single Device,3,3,1002645
2013,537,Hamilton,2,Device Family,16,7,149635
2013,537,Hamilton,2,Single Device,1,1,149635
2013,537,Hamilton,2,Test Kit,33,19,149635
2013,537,Hamilton,3,Test Kit,1,1,149635
2013,541,Kitchener - Cambridge - Waterloo,2,Device Family,41,13,89705
2013,541,Kitchener - Cambridge - Waterloo,2,Device Group,1,1,89705
2013,541,Kitchener - Cambridge - Waterloo,2,Single Device,1,1,89705
2013,541,Kitchener - Cambridge - Waterloo,2,System,5,2,89705
2013,541,Kitchener - Cambridge - Waterloo,3,Device Family,2,1,89705
2013,568,Barrie,2,Device Family,29,13,34440
2013,568,Barrie,2,Device Group Family,5,3,34440
2013,568,Barrie,2,Single Device,2,1,34440
2013,NA,Unmapped / Out-of-scope,2,Device Family,910,302,
2013,NA,Unmapped / Out-of-scope,2,Device Group,27,14,
2013,NA,Unmapped / Out-of-scope,2,Device Group Family,302,99,
2013,NA,Unmapped / Out-of-scope,2,Single Device,83,81,
2013,NA,Unmapped / Out-of-scope,2,System,179,36,
2013,NA,Unmapped / Out-of-scope,2,Test Kit,146,101,
2013,NA,Unmapped / Out-of-scope,3,Device Family,46,21,
2013,NA,Unmapped / Out-of-scope,3,Device Group,3,3,
2013,NA,Unmapped / Out-of-scope,3,Device Group Family,38,11,
2013,NA,Unmapped / Out-of-scope,3,Single Device,8,7,
2013,NA,Unmapped / Out-of-scope,3,System,102,25,
2013,NA,Unmapped / Out-of-scope,3,Test Kit,10,9,
2013,NA,Unmapped / Out-of-scope,4,Device Family,11,3,
2013,NA,Unmapped / Out-of-scope,4,Single Device,1,1,
2013,NA,Unmapped / Out-of-scope,4,System,3,1,
2013,NA,Unmapped / Out-of-scope,4,Test Kit,2,2,
2014,505,Ottawa - Gatineau (Ontario part / partie de l'Ontario),2,Device Family,1,1,195980
2014,530,Kawartha Lakes,2,Device Family,8,7,
2014,530,Kawartha Lakes,2,Device Group,2,2,
2014,530,Kawartha Lakes,2,Device Group Family,28,3,
2014,530,Kawartha Lakes,2,Single Device,14,14,
2014,530,Kawartha Lakes,3,Device Group Family,2,2,
2014,532,Oshawa,2,Device Family,2,1,65435
2014,532,Oshawa,2,Test Kit,2,2,65435
2014,535,Toronto,2,Device Family,348,105,1002645
2014,535,Toronto,2,Device Group,9,8,1002645
2014,535,Toronto,2,Device Group Family,102,32,1002645
2014,535,Toronto,2,Single Device,24,24,1002645
2014,535,Toronto,2,System,77,16,1002645
2014,535,Toronto,2,Test Kit,81,12,1002645
2014,535,Toronto,3,Device Family,60,15,1002645
2014,535,Toronto,3,Device Group Family,20,1,1002645
2014,535,Toronto,3,System,24,4,1002645
2014,535,Toronto,3,Test Kit,48,4,1002645
2014,535,Toronto,4,Device Family,1,1,1002645
2014,535,Toronto,4,Device Group Family,1,1,1002645
2014,535,Toronto,4,Single Device,3,3,1002645
2014,537,Hamilton,2,Device Family,21,9,149635
2014,537,Hamilton,2,Device Group Family,3,1,149635
2014,537,Hamilton,2,Single Device,1,1,149635
2014,537,Hamilton,2,Test Kit,33,19,149635
2014,537,Hamilton,3,Test Kit,1,1,149635
2014,541,Kitchener - Cambridge - Waterloo,2,Device Family,43,13,89705
2014,541,Kitchener - Cambridge - Waterloo,2,Device Group,1,1,89705
2014,541,Kitchener - Cambridge - Waterloo,2,Single Device,1,1,89705
2014,541,Kitchener - Cambridge - Waterloo,2,System,22,3,89705
2014,541,Kitchener - Cambridge - Waterloo,3,Device Family,2,1,89705
2014,541,Kitchener - Cambridge - Waterloo,3,System,8,1,89705
2014,568,Barrie,2,Device Family,30,14,34440
2014,568,Barrie,2,Device Group Family,6,3,34440
2014,568,Barrie,2,Single Device,2,1,34440
2014,NA,Unmapped / Out-of-scope,2,Device Family,997,337,
2014,NA,Unmapped / Out-of-scope,2,Device Group,27,14,
2014,NA,Unmapped / Out-of-scope,2,Device Group Family,331,105,
2014,NA,Unmapped / Out-of-scope,2,Single Device,89,87,
2014,NA,Unmapped / Out-of-scope,2,System,221,45,
2014,NA,Unmapped / Out-of-scope,2,Test Kit,155,109,
2014,NA,Unmapped / Out-of-scope,3,Device Family,50,22,
2014,NA,Unmapped / Out-of-scope,3,Device Group,3,3,
2014,NA,Unmapped / Out-of-scope,3,Device Group Family,39,11,
2014,NA,Unmapped / Out-of-scope,3,Single Device,8,7,
2014,NA,Unmapped / Out-of-scope,3,System,112,28,
2014,NA,Unmapped / Out-of-scope,3,Test Kit,11,10,
2014,NA,Unmapped / Out-of-scope,4,Device Family,11,3,
2014,NA,Unmapped / Out-of-scope,4,Single Device,1,1,
2014,NA,Unmapped / Out-of-scope,4,System,3,1,
2014,NA,Unmapped / Out-of-scope,4,Test Kit,2,2,
2015,505,Ottawa - Gatineau (Ontario part / partie de l'Ontario),2,Device Family,1,1,195980
2015,505,Ottawa - Gatineau (Ontario part / partie de l'Ontario),2,Single Device,2,2,195980
2015,530,Kawartha Lakes,2,Device Family,8,7,
2015,530,Kawartha Lakes,2,Device Group,2,2,
2015,530,Kawartha Lakes,2,Device Group Family,28,3,
2015,530,Kawartha Lakes,2,Single Device,14,14,
2015,530,Kawartha Lakes,3,Device Group Family,2,2,
2015,532,Oshawa,2,Device Family,2,1,65435
2015,532,Oshawa,2,Test Kit,2,2,65435
2015,535,Toronto,2,Device Family,404,125,1002645
2015,535,Toronto,2,Device Group,10,8,1002645
2015,535,Toronto,2,Device Group Family,107,33,1002645
2015,535,Toronto,2,Single Device,30,29,1002645
2015,535,Toronto,2,System,97,18,1002645
2015,535,Toronto,2,Test Kit,82,13,1002645
2015,535,Toronto,3,Device Family,60,15,1002645
2015,535,Toronto,3,Device Group Family,20,1,1002645
2015,535,Toronto,3,System,24,4,1002645
2015,535,Toronto,3,Test Kit,48,4,1002645
2015,535,Toronto,4,Device Family,1,1,1002645
2015,535,Toronto,4,Device Group,1,1,1002645
2015,535,Toronto,4,Device Group Family,1,1,1002645
2015,535,Toronto,4,Single Device,3,3,1002645
2015,537,Hamilton,2,Device Family,22,10,149635
2015,537,Hamilton,2,Device Group Family,3,1,149635
2015,537,Hamilton,2,Single Device,2,2,149635
2015,537,Hamilton,2,Test Kit,33,19,149635
2015,537,Hamilton,3,Test Kit,1,1,149635
2015,541,Kitchener - Cambridge - Waterloo,2,Device Family,43,13,89705
2015,541,Kitchener - Cambridge - Waterloo,2,Device Group,1,1,89705
2015,541,Kitchener - Cambridge - Waterloo,2,Single Device,1,1,89705
2015,541,Kitchener - Cambridge - Waterloo,2,System,44,3,89705
2015,541,Kitchener - Cambridge - Waterloo,3,Device Family,2,1,89705
2015,541,Kitchener - Cambridge - Waterloo,3,Device Group Family,2,2,89705
2015,541,Kitchener - Cambridge - Waterloo,3,System,8,1,89705
2015,568,Barrie,2,Device Family,32,14,34440
2015,568,Barrie,2,Device Group Family,6,3,34440
2015,568,Barrie,2,Single Device,3,2,34440
2015,NA,Unmapped / Out-of-scope,2,Device Family,1169,377,
2015,NA,Unmapped / Out-of-scope,2,Device Group,29,16,
2015,NA,Unmapped / Out-of-scope,2,Device Group Family,370,114,
2015,NA,Unmapped / Out-of-scope,2,Single Device,106,104,
2015,NA,Unmapped / Out-of-scope,2,System,242,51,
2015,NA,Unmapped / Out-of-scope,2,Test Kit,164,118,
2015,NA,Unmapped / Out-of-scope,3,Device Family,51,22,
2015,NA,Unmapped / Out-of-scope,3,Device Group,3,3,
2015,NA,Unmapped / Out-of-scope,3,Device Group Family,40,11,
2015,NA,Unmapped / Out-of-scope,3,Single Device,10,9,
2015,NA,Unmapped / Out-of-scope,3,System,116,29,
2015,NA,Unmapped / Out-of-scope,3,Test Kit,13,12,
2015,NA,Unmapped / Out-of-scope,4,Device Family,13,4,
2015,NA,Unmapped / Out-of-scope,4,Single Device,1,1,
2015,NA,Unmapped / Out-of-scope,4,System,10,2,
2015,NA,Unmapped / Out-of-scope,4,Test Kit,2,2,
2016,505,Ottawa - Gatineau (Ontario part / partie de l'Ontario),2,Device Family,1,1,195980
2016,505,Ottawa - Gatineau (Ontario part / partie de l'Ontario),2,Single Device,3,3,195980
2016,530,Kawartha Lakes,2,Device Family,8,7,
2016,530,Kawartha Lakes,2,Device Group,2,2,
2016,530,Kawartha Lakes,2,Device Group Family,28,3,
2016,530,Kawartha Lakes,2,Single Device,14,14,
2016,530,Kawartha Lakes,3,Device Group Family,2,2,
2016,532,Oshawa,2,Device Family,2,1,65435
2016,532,Oshawa,2,Test Kit,2,2,65435
2016,535,Toronto,2,Device Family,433,134,1002645
2016,535,Toronto,2,Device Group,16,15,1002645
2016,535,Toronto,2,Device Group Family,117,36,1002645
2016,535,Toronto,2,Single Device,36,35,1002645
2016,535,Toronto,2,System,117,23,1002645
2016,535,Toronto,2,Test Kit,82,13,1002645
2016,535,Toronto,3,Device Family,60,15,1002645
2016,535,Toronto,3,Device Group Family,30,1,1002645
2016,535,Toronto,3,System,33,6,1002645
2016,535,Toronto,3,Test Kit,48,4,1002645
2016,535,Toronto,4,Device Family,1,1,1002645
2016,535,Toronto,4,Device Group,1,1,1002645
2016,535,Toronto,4,Device Group Family,1,1,1002645
2016,535,Toronto,4,Single Device,3,3,1002645
2016,537,Hamilton,2,Device Family,30,10,149635
2016,537,Hamilton,2,Device Group Family,3,1,149635
2016,537,Hamilton,2,Single Device,2,2,149635
2016,537,Hamilton,2,Test Kit,33,19,149635
2016,537,Hamilton,3,Test Kit,1,1,149635
2016,541,Kitchener - Cambridge - Waterloo,2,Device Family,43,13,89705
2016,541,Kitchener - Cambridge - Waterloo,2,Device Group,1,1,89705
2016,541,Kitchener - Cambridge - Waterloo,2,Single Device,2,2,89705
2016,541,Kitchener - Cambridge - Waterloo,2,System,44,3,89705
2016,541,Kitchener - Cambridge - Waterloo,3,Device Family,2,1,89705
2016,541,Kitchener - Cambridge - Waterloo,3,Device Group Family,2,2,89705
2016,541,Kitchener - Cambridge - Waterloo,3,System,14,3,89705
2016,568,Barrie,2,Device Family,32,14,34440
2016,568,Barrie,2,Device Group Family,6,3,34440
2016,568,Barrie,2,Single Device,3,2,34440
2016,NA,Unmapped / Out-of-scope,2,Device Family,1247,400,
2016,NA,Unmapped / Out-of-scope,2,Device Group,35,22,
2016,NA,Unmapped / Out-of-scope,2,Device Group Family,406,119,
2016,NA,Unmapped / Out-of-scope,2,Single Device,126,122,
2016,NA,Unmapped / Out-of-scope,2,System,262,54,
2016,NA,Unmapped / Out-of-scope,2,Test Kit,167,120,
2016,NA,Unmapped / Out-of-scope,3,Device Family,52,23,
2016,NA,Unmapped / Out-of-scope,3,Device Group,3,3,
2016,NA,Unmapped / Out-of-scope,3,Device Group Family,40,11,
2016,NA,Unmapped / Out-of-scope,3,Single Device,12,10,
2016,NA,Unmapped / Out-of-scope,3,System,140,34,
2016,NA,Unmapped / Out-of-scope,3,Test Kit,13,12,
2016,NA,Unmapped / Out-of-scope,4,Device Family,13,4,
2016,NA,Unmapped / Out-of-scope,4,Single Device,2,2,
2016,NA,Unmapped / Out-of-scope,4,System,10,2,
2016,NA,Unmapped / Out-of-scope,4,Test Kit,2,2,
2017,505,Ottawa - Gatineau (Ontario part / partie de l'Ontario),2,Device Family,1,1,195980
2017,505,Ottawa - Gatineau (Ontario part / partie de l'Ontario),2,Single Device,3,3,195980
2017,530,Kawartha Lakes,2,Device Family,8,7,
2017,530,Kawartha Lakes,2,Device Group,2,2,
2017,530,Kawartha Lakes,2,Device Group Family,28,3,
2017,530,Kawartha Lakes,2,Single Device,14,14,
2017,530,Kawartha Lakes,3,Device Group Family,2,2,
2017,532,Oshawa,2,Device Family,2,1,65435
2017,532,Oshawa,2,Test Kit,2,2,65435
2017,535,Toronto,2,Device Family,454,143,1002645
2017,535,Toronto,2,Device Group,20,19,1002645
2017,535,Toronto,2,Device Group Family,125,38,1002645
2017,535,Toronto,2,Single Device,39,38,1002645
2017,535,Toronto,2,System,121,24,1002645
2017,535,Toronto,2,Test Kit,82,13,1002645
2017,535,Toronto,3,Device Family,60,15,1002645
2017,535,Toronto,3,Device Group Family,30,1,1002645
2017,535,Toronto,3,Single Device,1,1,1002645
2017,535,Toronto,3,System,44,9,1002645
2017,535,Toronto,3,Test Kit,51,7,1002645
2017,535,Toronto,4,Device Family,1,1,1002645
2017,535,Toronto,4,Device Group,1,1,1002645
2017,535,Toronto,4,Device Group Family,1,1,1002645
2017,535,Toronto,4,Single Device,3,3,1002645
2017,537,Hamilton,2,Device Family,36,11,149635
2017,537,Hamilton,2,Device Group Family,3,1,149635
2017,537,Hamilton,2,Single Device,3,3,149635
2017,537,Hamilton,2,System,2,1,149635
2017,537,Hamilton,2,Test Kit,34,20,149635
2017,537,Hamilton,3,Test Kit,1,1,149635
2017,541,Kitchener - Cambridge - Waterloo,2,Device Family,47,15,89705
2017,541,Kitchener - Cambridge - Waterloo,2,Device Group,1,1,89705
2017,541,Kitchener - Cambridge - Waterloo,2,Single Device,3,3,89705
2017,541,Kitchener - Cambridge - Waterloo,2,System,49,5,89705
2017,541,Kitchener - Cambridge - Waterloo,3,Device Family,2,1,89705
2017,541,Kitchener - Cambridge - Waterloo,3,Device Group Family,4,3,89705
2017,541,Kitchener - Cambridge - Waterloo,3,System,14,3,89705
2017,568,Barrie,2,Device Family,34,15,34440
2017,568,Barrie,2,Device Group Family,6,3,34440
2017,568,Barrie,2,Single Device,3,2,34440
2017,NA,Unmapped / Out-of-scope,2,Device Family,1327,427,
2017,NA,Unmapped / Out-of-scope,2,Device Group,36,22,
2017,NA,Unmapped / Out-of-scope,2,Device Group Family,446,121,
2017,NA,Unmapped / Out-of-scope,2,Single Device,148,141,
2017,NA,Unmapped / Out-of-scope,2,System,375,66,
2017,NA,Unmapped / Out-of-scope,2,Test Kit,193,135,
2017,NA,Unmapped / Out-of-scope,3,Device Family,65,24,
2017,NA,Unmapped / Out-of-scope,3,Device Group,3,3,
2017,NA,Unmapped / Out-of-scope,3,Device Group Family,41,12,
2017,NA,Unmapped / Out-of-scope,3,Single Device,16,14,
2017,NA,Unmapped / Out-of-scope,3,System,206,41,
2017,NA,Unmapped / Out-of-scope,3,Test Kit,13,12,
2017,NA,Unmapped / Out-of-scope,4,Device Family,14,4,
2017,NA,Unmapped / Out-of-scope,4,Single Device,2,2,
2017,NA,Unmapped / Out-of-scope,4,System,12,3,
2017,NA,Unmapped / Out-of-scope,4,Test Kit,2,2,
2018,505,Ottawa - Gatineau (Ontario part / partie de l'Ontario),2,Device Family,7,4,195980
2018,505,Ottawa - Gatineau (Ontario part / partie de l'Ontario),2,Single Device,6,6,195980
2018,530,Kawartha Lakes,2,Device Family,8,7,
2018,530,Kawartha Lakes,2,Device Group,2,2,
2018,530,Kawartha Lakes,2,Device Group Family,28,3,
2018,530,Kawartha Lakes,2,Single Device,14,14,
2018,530,Kawartha Lakes,3,Device Group Family,2,2,
2018,532,Oshawa,2,Device Family,2,1,65435
2018,532,Oshawa,2,Test Kit,2,2,65435
2018,535,Toronto,2,Device Family,480,148,1002645
2018,535,Toronto,2,Device Group,21,19,1002645
2018,535,Toronto,2,Device Group Family,125,38,1002645
2018,535,Toronto,2,Single Device,45,43,1002645
2018,535,Toronto,2,System,135,28,1002645
2018,535,Toronto,2,Test Kit,86,15,1002645
2018,535,Toronto,3,Device Family,62,16,1002645
2018,535,Toronto,3,Device Group Family,40,1,1002645
2018,535,Toronto,3,Single Device,1,1,1002645
2018,535,Toronto,3,System,44,9,1002645
2018,535,Toronto,3,Test Kit,51,7,1002645
2018,535,Toronto,4,Device Family,1,1,1002645
2018,535,Toronto,4,Device Group,1,1,1002645
2018,535,Toronto,4,Device Group Family,1,1,1002645
2018,535,Toronto,4,Single Device,3,3,1002645
2018,537,Hamilton,2,Device Family,71,12,149635
2018,537,Hamilton,2,Device Group Family,3,1,149635
2018,537,Hamilton,2,Single Device,4,4,149635
2018,537,Hamilton,2,System,2,1,149635
2018,537,Hamilton,2,Test Kit,34,20,149635
2018,537,Hamilton,3,Test Kit,1,1,149635
2018,541,Kitchener - Cambridge - Waterloo,2,Device Family,49,16,89705
2018,541,Kitchener - Cambridge - Waterloo,2,Device Group,1,1,89705
2018,541,Kitchener - Cambridge - Waterloo,2,Single Device,3,3,89705
2018,541,Kitchener - Cambridge - Waterloo,2,System,49,5,89705
2018,541,Kitchener - Cambridge - Waterloo,3,Device Family,2,1,89705
2018,541,Kitchener - Cambridge - Waterloo,3,Device Group Family,4,3,89705
2018,541,Kitchener - Cambridge - Waterloo,3,System,17,4,89705
2018,567,Collingwood,2,Device Family,1,1,
2018,568,Barrie,2,Device Family,36,17,34440
2018,568,Barrie,2,Device Group Family,6,3,34440
2018,568,Barrie,2,Single Device,4,3,34440
2018,568,Barrie,3,Test Kit,6,2,34440
2018,NA,Unmapped / Out-of-scope,2,Device Family,1401,445,
2018,NA,Unmapped / Out-of-scope,2,Device Group,37,23,
2018,NA,Unmapped / Out-of-scope,2,Device Group Family,505,123,
2018,NA,Unmapped / Out-of-scope,2,Single Device,164,157,
2018,NA,Unmapped / Out-of-scope,2,System,417,75,
2018,NA,Unmapped / Out-of-scope,2,Test Kit,225,152,
2018,NA,Unmapped / Out-of-scope,3,Device Family,66,24,
2018,NA,Unmapped / Out-of-scope,3,Device Group,3,3,
2018,NA,Unmapped / Out-of-scope,3,Device Group Family,48,13,
2018,NA,Unmapped / Out-of-scope,3,Single Device,17,15,
2018,NA,Unmapped / Out-of-scope,3,System,245,46,
2018,NA,Unmapped / Out-of-scope,3,Test Kit,13,12,
2018,NA,Unmapped / Out-of-scope,4,Device Family,14,4,
2018,NA,Unmapped / Out-of-scope,4,Single Device,3,3,
2018,NA,Unmapped / Out-of-scope,4,System,12,3,
2018,NA,Unmapped / Out-of-scope,4,Test Kit,2,2,
2019,505,Ottawa - Gatineau (Ontario part / partie de l'Ontario),2,Device Family,9,6,195980
2019,505,Ottawa - Gatineau (Ontario part / partie de l'Ontario),2,Single Device,7,7,195980
2019,521,Kingston,2,Device Family,2,1,36965
2019,530,Kawartha Lakes,2,Device Family,8,7,
2019,530,Kawartha Lakes,2,Device Group,2,2,
2019,530,Kawartha Lakes,2,Device Group Family,28,3,
2019,530,Kawartha Lakes,2,Single Device,14,14,
2019,530,Kawartha Lakes,3,Device Group Family,2,2,
2019,532,Oshawa,2,Device Family,2,1,65435
2019,532,Oshawa,2,Test Kit,2,2,65435
2019,535,Toronto,2,Device Family,583,168,1002645
2019,535,Toronto,2,Device Group,25,23,1002645
2019,535,Toronto,2,Device Group Family,133,42,1002645
2019,535,Toronto,2,Single Device,51,49,1002645
2019,535,Toronto,2,System,140,28,1002645
2019,535,Toronto,2,Test Kit,89,18,1002645
2019,535,Toronto,3,Device Family,63,17,1002645
2019,535,Toronto,3,Device Group Family,43,1,1002645
2019,535,Toronto,3,Single Device,1,1,1002645
2019,535,Toronto,3,System,70,12,1002645
2019,535,Toronto,3,Test Kit,52,7,1002645
2019,535,Toronto,4,Device Family,1,1,1002645
2019,535,Toronto,4,Device Group,1,1,1002645
2019,535,Toronto,4,Device Group Family,1,1,1002645
2019,535,Toronto,4,Single Device,3,3,1002645
2019,537,Hamilton,2,Device Family,94,13,149635
2019,537,Hamilton,2,Device Group Family,3,1,149635
2019,537,Hamilton,2,Single Device,4,4,149635
2019,537,Hamilton,2,System,2,1,149635
2019,537,Hamilton,2,Test Kit,37,21,149635
2019,537,Hamilton,3,Test Kit,1,1,149635
2019,541,Kitchener - Cambridge - Waterloo,2,Device Family,53,17,89705
2019,541,Kitchener - Cambridge - Waterloo,2,Device Group,1,1,89705
2019,541,Kitchener - Cambridge - Waterloo,2,Single Device,5,5,89705
2019,541,Kitchener - Cambridge - Waterloo,2,System,61,5,89705
2019,541,Kitchener - Cambridge - Waterloo,3,Device Family,2,1,89705
2019,541,Kitchener - Cambridge - Waterloo,3,Device Group Family,4,3,89705
2019,541,Kitchener - Cambridge - Waterloo,3,System,17,4,89705
2019,567,Collingwood,2,Device Family,1,1,
2019,568,Barrie,2,Device Family,42,17,34440
2019,568,Barrie,2,Device Group Family,6,3,34440
2019,568,Barrie,2,Single Device,4,3,34440
2019,568,Barrie,3,Test Kit,6,2,34440
2019,NA,Unmapped / Out-of-scope,2,Device Family,1681,508,
2019,NA,Unmapped / Out-of-scope,2,Device Group,42,26,
2019,NA,Unmapped / Out-of-scope,2,Device Group Family,556,135,
2019,NA,Unmapped / Out-of-scope,2,Single Device,178,171,
2019,NA,Unmapped / Out-of-scope,2,System,483,89,
2019,NA,Unmapped / Out-of-scope,2,Test Kit,248,171,
2019,NA,Unmapped / Out-of-scope,3,Device Family,68,26,
2019,NA,Unmapped / Out-of-scope,3,Device Group,3,3,
2019,NA,Unmapped / Out-of-scope,3,Device Group Family,55,14,
2019,NA,Unmapped / Out-of-scope,3,Single Device,18,16,
2019,NA,Unmapped / Out-of-scope,3,System,283,48,
2019,NA,Unmapped / Out-of-scope,3,Test Kit,13,12,
2019,NA,Unmapped / Out-of-scope,4,Device Family,17,6,
2019,NA,Unmapped / Out-of-scope,4,Single Device,4,4,
2019,NA,Unmapped / Out-of-scope,4,System,17,4,
2019,NA,Unmapped / Out-of-scope,4,Test Kit,2,2,
2020,505,Ottawa - Gatineau (Ontario part / partie de l'Ontario),2,Device Family,9,6,195980
2020,505,Ottawa - Gatineau (Ontario part / partie de l'Ontario),2,Single Device,7,7,195980
2020,521,Kingston,2,Device Family,2,1,36965
2020,530,Kawartha Lakes,2,Device Family,8,7,
2020,530,Kawartha Lakes,2,Device Group,2,2,
2020,530,Kawartha Lakes,2,Device Group Family,28,3,
2020,530,Kawartha Lakes,2,Single Device,14,14,
2020,530,Kawartha Lakes,3,Device Group Family,2,2,
2020,532,Oshawa,2,Device Family,2,1,65435
2020,532,Oshawa,2,Test Kit,2,2,65435
2020,535,Toronto,2,Device Family,621,183,1002645
2020,535,Toronto,2,Device Group,29,27,1002645
2020,535,Toronto,2,Device Group Family,138,45,1002645
2020,535,Toronto,2,Single Device,59,58,1002645
2020,535,Toronto,2,System,158,36,1002645
2020,535,Toronto,2,Test Kit,90,19,1002645
2020,535,Toronto,3,Device Family,67,19,1002645
2020,535,Toronto,3,Device Group Family,43,1,1002645
2020,535,Toronto,3,Single Device,1,1,1002645
2020,535,Toronto,3,System,70,12,1002645
2020,535,Toronto,3,Test Kit,57,8,1002645
2020,535,Toronto,4,Device Family,1,1,1002645
2020,535,Toronto,4,Device Group,1,1,1002645
2020,535,Toronto,4,Device Group Family,1,1,1002645
2020,535,Toronto,4,Single Device,3,3,1002645
2020,537,Hamilton,2,Device Family,106,13,149635
2020,537,Hamilton,2,Device Group Family,3,1,149635
2020,537,Hamilton,2,Single Device,4,4,149635
2020,537,Hamilton,2,System,2,1,149635
2020,537,Hamilton,2,Test Kit,37,21,149635
2020,537,Hamilton,3,Test Kit,1,1,149635
2020,541,Kitchener - Cambridge - Waterloo,2,Device Family,55,18,89705
2020,541,Kitchener - Cambridge - Waterloo,2,Device Group,1,1,89705
2020,541,Kitchener - Cambridge - Waterloo,2,Single Device,6,6,89705
2020,541,Kitchener - Cambridge - Waterloo,2,System,71,7,89705
2020,541,Kitchener - Cambridge - Waterloo,3,Device Family,2,1,89705
2020,541,Kitchener - Cambridge - Waterloo,3,Device Group Family,5,3,89705
2020,541,Kitchener - Cambridge - Waterloo,3,System,20,5,89705
2020,567,Collingwood,2,Device Family,1,1,
2020,568,Barrie,2,Device Family,42,17,34440
2020,568,Barrie,2,Device Group Family,6,3,34440
2020,568,Barrie,2,Single Device,4,3,34440
2020,568,Barrie,3,Test Kit,6,2,34440
2020,NA,Unmapped / Out-of-scope,2,Device Family,1855,555,
2020,NA,Unmapped / Out-of-scope,2,Device Group,43,27,
2020,NA,Unmapped / Out-of-scope,2,Device Group Family,580,142,
2020,NA,Unmapped / Out-of-scope,2,Single Device,204,197,
2020,NA,Unmapped / Out-of-scope,2,System,538,100,
2020,NA,Unmapped / Out-of-scope,2,Test Kit,281,188,
2020,NA,Unmapped / Out-of-scope,3,Device Family,72,29,
2020,NA,Unmapped / Out-of-scope,3,Device Group,3,3,
2020,NA,Unmapped / Out-of-scope,3,Device Group Family,62,15,
2020,NA,Unmapped / Out-of-scope,3,Single Device,19,17,
2020,NA,Unmapped / Out-of-scope,3,System,384,57,
2020,NA,Unmapped / Out-of-scope,3,Test Kit,13,12,
2020,NA,Unmapped / Out-of-scope,4,Device Family,17,6,
2020,NA,Unmapped / Out-of-scope,4,Single Device,4,4,
2020,NA,Unmapped / Out-of-scope,4,System,24,6,
2020,NA,Unmapped / Out-of-scope,4,Test Kit,3,3,
2021,505,Ottawa - Gatineau (Ontario part / partie de l'Ontario),2,Device Family,9,6,195980
2021,505,Ottawa - Gatineau (Ontario part / partie de l'Ontario),2,Single Device,9,9,195980
2021,521,Kingston,2,Device Family,2,1,36965
2021,530,Kawartha Lakes,2,Device Family,8,7,
2021,530,Kawartha Lakes,2,Device Group,2,2,
2021,530,Kawartha Lakes,2,Device Group Family,28,3,
2021,530,Kawartha Lakes,2,Single Device,14,14,
2021,530,Kawartha Lakes,3,Device Group Family,2,2,
2021,532,Oshawa,2,Device Family,2,1,65435
2021,532,Oshawa,2,Test Kit,2,2,65435
2021,535,Toronto,2,Device Family,645,199,1002645
2021,535,Toronto,2,Device Group,32,30,1002645
2021,535,Toronto,2,Device Group Family,158,53,1002645
2021,535,Toronto,2,Single Device,61,60,1002645
2021,535,Toronto,2,System,171,38,1002645
2021,535,Toronto,2,Test Kit,93,21,1002645
2021,535,Toronto,3,Device Family,69,20,1002645
2021,535,Toronto,3,Device Group Family,46,1,1002645
2021,535,Toronto,3,Single Device,1,1,1002645
2021,535,Toronto,3,System,74,13,1002645
2021,535,Toronto,3,Test Kit,57,8,1002645
2021,535,Toronto,4,Device Family,1,1,1002645
2021,535,Toronto,4,Device Group,1,1,1002645
2021,535,Toronto,4,Device Group Family,1,1,1002645
2021,535,Toronto,4,Single Device,3,3,1002645
2021,537,Hamilton,2,Device Family,115,14,149635
2021,537,Hamilton,2,Device Group Family,3,1,149635
2021,537,Hamilton,2,Single Device,4,4,149635
2021,537,Hamilton,2,System,2,1,149635
2021,537,Hamilton,2,Test Kit,37,21,149635
2021,537,Hamilton,3,Test Kit,1,1,149635
2021,541,Kitchener - Cambridge - Waterloo,2,Device Family,56,19,89705
2021,541,Kitchener - Cambridge - Waterloo,2,Device Group,1,1,89705
2021,541,Kitchener - Cambridge - Waterloo,2,Device Group Family,1,1,89705
2021,541,Kitchener - Cambridge - Waterloo,2,Single Device,7,7,89705
2021,541,Kitchener - Cambridge - Waterloo,2,System,85,9,89705
2021,541,Kitchener - Cambridge - Waterloo,3,Device Family,2,1,89705
2021,541,Kitchener - Cambridge - Waterloo,3,Device Group Family,5,3,89705
2021,541,Kitchener - Cambridge - Waterloo,3,Single Device,1,1,89705
2021,541,Kitchener - Cambridge - Waterloo,3,System,41,9,89705
2021,543,Brantford,2,Single Device,1,1,27840
2021,567,Collingwood,2,Device Family,1,1,
2021,568,Barrie,2,Device Family,43,18,34440
2021,568,Barrie,2,Device Group Family,6,3,34440
2021,568,Barrie,2,Single Device,6,4,34440
2021,568,Barrie,3,Test Kit,6,2,34440
2021,NA,Unmapped / Out-of-scope,2,Device Family,1949,593,
2021,NA,Unmapped / Out-of-scope,2,Device Group,47,31,
2021,NA,Unmapped / Out-of-scope,2,Device Group Family,615,150,
2021,NA,Unmapped / Out-of-scope,2,Single Device,229,222,
2021,NA,Unmapped / Out-of-scope,2,System,572,104,
2021,NA,Unmapped / Out-of-scope,2,Test Kit,292,194,
2021,NA,Unmapped / Out-of-scope,3,Device Family,76,31,
2021,NA,Unmapped / Out-of-scope,3,Device Group,4,4,
2021,NA,Unmapped / Out-of-scope,3,Device Group Family,63,15,
2021,NA,Unmapped / Out-of-scope,3,Single Device,20,18,
2021,NA,Unmapped / Out-of-scope,3,System,432,61,
2021,NA,Unmapped / Out-of-scope,3,Test Kit,13,12,
2021,NA,Unmapped / Out-of-scope,4,Device Family,17,6,
2021,NA,Unmapped / Out-of-scope,4,Single Device,4,4,
2021,NA,Unmapped / Out-of-scope,4,System,24,6,
2021,NA,Unmapped / Out-of-scope,4,Test Kit,3,3,
2022,505,Ottawa - Gatineau (Ontario part / partie de l'Ontario),2,Device Family,10,7,195980
2022,505,Ottawa - Gatineau (Ontario part / partie de l'Ontario),2,Single Device,9,9,195980
2022,521,Kingston,2,Device Family,2,1,36965
2022,530,Kawartha Lakes,2,Device Family,8,7,
2022,530,Kawartha Lakes,2,Device Group,2,2,
2022,530,Kawartha Lakes,2,Device Group Family,28,3,
2022,530,Kawartha Lakes,2,Single Device,14,14,
2022,530,Kawartha Lakes,3,Device Group Family,2,2,
2022,532,Oshawa,2,Device Family,2,1,65435
2022,532,Oshawa,2,Test Kit,2,2,65435
2022,535,Toronto,2,Device Family,704,217,1002645
2022,535,Toronto,2,Device Group,33,31,1002645
2022,535,Toronto,2,Device Group Family,160,53,1002645
2022,535,Toronto,2,Single Device,65,64,1002645
2022,535,Toronto,2,System,199,43,1002645
2022,535,Toronto,2,Test Kit,93,21,1002645
2022,535,Toronto,3,Device Family,69,20,1002645
2022,535,Toronto,3,Device Group Family,46,1,1002645
2022,535,Toronto,3,Single Device,1,1,1002645
2022,535,Toronto,3,System,79,14,1002645
2022,535,Toronto,3,Test Kit,57,8,1002645
2022,535,Toronto,4,Device Family,1,1,1002645
2022,535,Toronto,4,Device Group,1,1,1002645
2022,535,Toronto,4,Device Group Family,1,1,1002645
2022,535,Toronto,4,Single Device,3,3,1002645
2022,537,Hamilton,2,Device Family,115,14,149635
2022,537,Hamilton,2,Device Group Family,3,1,149635
2022,537,Hamilton,2,Single Device,4,4,149635
2022,537,Hamilton,2,System,2,1,149635
2022,537,Hamilton,2,Test Kit,38,21,149635
2022,537,Hamilton,3,Test Kit,1,1,149635
2022,541,Kitchener - Cambridge - Waterloo,2,Device Family,80,27,89705
2022,541,Kitchener - Cambridge - Waterloo,2,Device Group,2,2,89705
2022,541,Kitchener - Cambridge - Waterloo,2,Device Group Family,5,2,89705
2022,541,Kitchener - Cambridge - Waterloo,2,Single Device,12,11,89705
2022,541,Kitchener - Cambridge - Waterloo,2,System,105,13,89705
2022,541,Kitchener - Cambridge - Waterloo,3,Device Family,2,1,89705
2022,541,Kitchener - Cambridge - Waterloo,3,Device Group Family,5,3,89705
2022,541,Kitchener - Cambridge - Waterloo,3,Single Device,2,2,89705
2022,541,Kitchener - Cambridge - Waterloo,3,System,46,11,89705
2022,543,Brantford,2,Single Device,1,1,27840
2022,567,Collingwood,2,Device Family,3,3,
2022,568,Barrie,2,Device Family,43,18,34440
2022,568,Barrie,2,Device Group Family,6,3,34440
2022,568,Barrie,2,Single Device,6,4,34440
2022,568,Barrie,3,Test Kit,8,4,34440
2022,NA,Unmapped / Out-of-scope,2,Device Family,2095,638,
2022,NA,Unmapped / Out-of-scope,2,Device Group,55,38,
2022,NA,Unmapped / Out-of-scope,2,Device Group Family,653,158,
2022,NA,Unmapped / Out-of-scope,2,Single Device,265,257,
2022,NA,Unmapped / Out-of-scope,2,System,631,116,
2022,NA,Unmapped / Out-of-scope,2,Test Kit,410,229,
2022,NA,Unmapped / Out-of-scope,3,Device Family,88,39,
2022,NA,Unmapped / Out-of-scope,3,Device Group,4,4,
2022,NA,Unmapped / Out-of-scope,3,Device Group Family,63,15,
2022,NA,Unmapped / Out-of-scope,3,Single Device,21,19,
2022,NA,Unmapped / Out-of-scope,3,System,455,64,
2022,NA,Unmapped / Out-of-scope,3,Test Kit,13,12,
2022,NA,Unmapped / Out-of-scope,4,Device Family,17,6,
2022,NA,Unmapped / Out-of-scope,4,Device Group Family,1,1,
2022,NA,Unmapped / Out-of-scope,4,Single Device,4,4,
2022,NA,Unmapped / Out-of-scope,4,System,25,6,
2022,NA,Unmapped / Out-of-scope,4,Test Kit,3,3,
2023,505,Ottawa - Gatineau (Ontario part / partie de l'Ontario),2,Device Family,12,8,195980
2023,505,Ottawa - Gatineau (Ontario part / partie de l'Ontario),2,Single Device,9,9,195980
2023,521,Kingston,2,Device Family,2,1,36965
2023,530,Kawartha Lakes,2,Device Family,8,7,
2023,530,Kawartha Lakes,2,Device Group,2,2,
2023,530,Kawartha Lakes,2,Device Group Family,28,3,
2023,530,Kawartha Lakes,2,Single Device,14,14,
2023,530,Kawartha Lakes,3,Device Group Family,2,2,
2023,532,Oshawa,2,Device Family,2,1,65435
2023,532,Oshawa,2,Test Kit,2,2,65435
2023,535,Toronto,2,Device Family,797,287,1002645
2023,535,Toronto,2,Device Group,39,36,1002645
2023,535,Toronto,2,Device Group Family,161,53,1002645
2023,535,Toronto,2,Single Device,70,69,1002645
2023,535,Toronto,2,System,214,46,1002645
2023,535,Toronto,2,Test Kit,168,35,1002645
2023,535,Toronto,3,Device Family,71,21,1002645
2023,535,Toronto,3,Device Group Family,46,1,1002645
2023,535,Toronto,3,Single Device,1,1,1002645
2023,535,Toronto,3,System,89,15,1002645
2023,535,Toronto,3,Test Kit,61,10,1002645
2023,535,Toronto,4,Device Family,1,1,1002645
2023,535,Toronto,4,Device Group,1,1,1002645
2023,535,Toronto,4,Device Group Family,1,1,1002645
2023,535,Toronto,4,Single Device,3,3,1002645
2023,537,Hamilton,2,Device Family,120,15,149635
2023,537,Hamilton,2,Device Group Family,3,1,149635
2023,537,Hamilton,2,Single Device,5,5,149635
2023,537,Hamilton,2,System,2,1,149635
2023,537,Hamilton,2,Test Kit,39,22,149635
2023,537,Hamilton,3,Test Kit,1,1,149635
2023,541,Kitchener - Cambridge - Waterloo,2,Device Family,83,28,89705
2023,541,Kitchener - Cambridge - Waterloo,2,Device Group,3,2,89705
2023,541,Kitchener - Cambridge - Waterloo,2,Device Group Family,5,2,89705
2023,541,Kitchener - Cambridge - Waterloo,2,Single Device,12,11,89705
2023,541,Kitchener - Cambridge - Waterloo,2,System,114,15,89705
2023,541,Kitchener - Cambridge - Waterloo,3,Device Family,2,1,89705
2023,541,Kitchener - Cambridge - Waterloo,3,Device Group Family,5,3,89705
2023,541,Kitchener - Cambridge - Waterloo,3,Single Device,2,2,89705
2023,541,Kitchener - Cambridge - Waterloo,3,System,59,14,89705
2023,543,Brantford,2,Single Device,1,1,27840
2023,566,Owen Sound,2,Device Family,1,1,
2023,566,Owen Sound,2,Device Group,1,1,
2023,567,Collingwood,2,Device Family,3,3,
2023,568,Barrie,2,Device Family,52,20,34440
2023,568,Barrie,2,Device Group Family,7,4,34440
2023,568,Barrie,2,Single Device,6,4,34440
2023,568,Barrie,2,Test Kit,2,2,34440
2023,568,Barrie,3,Test Kit,8,4,34440
2023,NA,Unmapped / Out-of-scope,2,Device Family,2267,707,
2023,NA,Unmapped / Out-of-scope,2,Device Group,63,46,
2023,NA,Unmapped / Out-of-scope,2,Device Group Family,694,163,
2023,NA,Unmapped / Out-of-scope,2,Single Device,304,296,
2023,NA,Unmapped / Out-of-scope,2,System,698,137,
2023,NA,Unmapped / Out-of-scope,2,Test Kit,448,245,
2023,NA,Unmapped / Out-of-scope,3,Device Family,116,40,
2023,NA,Unmapped / Out-of-scope,3,Device Group,5,5,
2023,NA,Unmapped / Out-of-scope,3,Device Group Family,63,15,
2023,NA,Unmapped / Out-of-scope,3,Single Device,22,20,
2023,NA,Unmapped / Out-of-scope,3,System,476,68,
2023,NA,Unmapped / Out-of-scope,3,Test Kit,14,13,
2023,NA,Unmapped / Out-of-scope,4,Device Family,17,6,
2023,NA,Unmapped / Out-of-scope,4,Device Group Family,1,1,
2023,NA,Unmapped / Out-of-scope,4,Single Device,4,4,
2023,NA,Unmapped / Out-of-scope,4,System,25,6,
2023,NA,Unmapped / Out-of-scope,4,Test Kit,6,5,
2024,505,Ottawa - Gatineau (Ontario part / partie de l'Ontario),2,Device Family,12,8,195980
2024,505,Ottawa - Gatineau (Ontario part / partie de l'Ontario),2,Single Device,9,9,195980
2024,521,Kingston,2,Device Family,2,1,36965
2024,530,Kawartha Lakes,2,Device Family,8,7,
2024,530,Kawartha Lakes,2,Device Group,2,2,
2024,530,Kawartha Lakes,2,Device Group Family,28,3,
2024,530,Kawartha Lakes,2,Single Device,14,14,
2024,530,Kawartha Lakes,3,Device Group Family,2,2,
2024,532,Oshawa,2,Device Family,2,1,65435
2024,532,Oshawa,2,Test Kit,2,2,65435
2024,535,Toronto,2,Device Family,830,312,1002645
2024,535,Toronto,2,Device Group,41,37,1002645
2024,535,Toronto,2,Device Group Family,166,55,1002645
2024,535,Toronto,2,Single Device,88,86,1002645
2024,535,Toronto,2,System,228,49,1002645
2024,535,Toronto,2,Test Kit,178,44,1002645
2024,535,Toronto,3,Device Family,73,22,1002645
2024,535,Toronto,3,Device Group Family,46,1,1002645
2024,535,Toronto,3,Single Device,1,1,1002645
2024,535,Toronto,3,System,89,15,1002645
2024,535,Toronto,3,Test Kit,61,10,1002645
2024,535,Toronto,4,Device Family,1,1,1002645
2024,535,Toronto,4,Device Group,1,1,1002645
2024,535,Toronto,4,Device Group Family,2,1,1002645
2024,535,Toronto,4,Single Device,3,3,1002645
2024,537,Hamilton,2,Device Family,131,16,149635
2024,537,Hamilton,2,Device Group Family,4,2,149635
2024,537,Hamilton,2,Single Device,6,6,149635
2024,537,Hamilton,2,System,2,1,149635
2024,537,Hamilton,2,Test Kit,39,22,149635
2024,537,Hamilton,3,Test Kit,1,1,149635
2024,541,Kitchener - Cambridge - Waterloo,2,Device Family,92,30,89705
2024,541,Kitchener - Cambridge - Waterloo,2,Device Group,3,2,89705
2024,541,Kitchener - Cambridge - Waterloo,2,Device Group Family,5,2,89705
2024,541,Kitchener - Cambridge - Waterloo,2,Single Device,14,13,89705
2024,541,Kitchener - Cambridge - Waterloo,2,System,123,17,89705
2024,541,Kitchener - Cambridge - Waterloo,3,Device Family,2,1,89705
2024,541,Kitchener - Cambridge - Waterloo,3,Device Group Family,5,3,89705
2024,541,Kitchener - Cambridge - Waterloo,3,Single Device,2,2,89705
2024,541,Kitchener - Cambridge - Waterloo,3,System,59,14,89705
2024,543,Brantford,2,Single Device,1,1,27840
2024,544,Woodstock,2,Device Family,1,1,
2024,553,Stratford,3,Device Family,1,1,
2024,566,Owen Sound,2,Device Family,1,1,
2024,566,Owen Sound,2,Device Group,1,1,
2024,567,Collingwood,2,Device Family,3,3,
2024,568,Barrie,2,Device Family,52,20,34440
2024,568,Barrie,2,Device Group Family,7,4,34440
2024,568,Barrie,2,Single Device,6,4,34440
2024,568,Barrie,2,Test Kit,2,2,34440
2024,568,Barrie,3,Test Kit,8,4,34440
2024,NA,Unmapped / Out-of-scope,2,Device Family,2453,789,
2024,NA,Unmapped / Out-of-scope,2,Device Group,70,53,
2024,NA,Unmapped / Out-of-scope,2,Device Group Family,718,172,
2024,NA,Unmapped / Out-of-scope,2,Single Device,343,332,
2024,NA,Unmapped / Out-of-scope,2,System,832,161,
2024,NA,Unmapped / Out-of-scope,2,Test Kit,476,254,
2024,NA,Unmapped / Out-of-scope,3,Device Family,130,47,
2024,NA,Unmapped / Out-of-scope,3,Device Group,6,6,
2024,NA,Unmapped / Out-of-scope,3,Device Group Family,69,17,
2024,NA,Unmapped / Out-of-scope,3,Single Device,29,27,
2024,NA,Unmapped / Out-of-scope,3,System,539,77,
2024,NA,Unmapped / Out-of-scope,3,Test Kit,14,13,
2024,NA,Unmapped / Out-of-scope,4,Device Family,17,6,
2024,NA,Unmapped / Out-of-scope,4,Device Group Family,2,2,
2024,NA,Unmapped / Out-of-scope,4,Single Device,4,4,
2024,NA,Unmapped / Out-of-scope,4,System,25,6,
2024,NA,Unmapped / Out-of-scope,4,Test Kit,9,7,
2025,501,Cornwall,2,Device Family,1,1,
2025,505,Ottawa - Gatineau (Ontario part / partie de l'Ontario),2,Device Family,12,8,195980
2025,505,Ottawa - Gatineau (Ontario part / partie de l'Ontario),2,Single Device,9,9,195980
2025,521,Kingston,2,Device Family,3,1,36965
2025,521,Kingston,2,Single Device,1,1,36965
2025,530,Kawartha Lakes,2,Device Family,8,7,
2025,530,Kawartha Lakes,2,Device Group,2,2,
2025,530,Kawartha Lakes,2,Device Group Family,28,3,
2025,530,Kawartha Lakes,2,Single Device,14,14,
2025,530,Kawartha Lakes,3,Device Group Family,2,2,
2025,532,Oshawa,2,Device Family,2,1,65435
2025,532,Oshawa,2,Test Kit,2,2,65435
2025,535,Toronto,2,Device Family,859,332,1002645
2025,535,Toronto,2,Device Group,44,40,1002645
2025,535,Toronto,2,Device Group Family,174,60,1002645
2025,535,Toronto,2,Single Device,102,100,1002645
2025,535,Toronto,2,System,246,54,1002645
2025,535,Toronto,2,Test Kit,187,49,1002645
2025,535,Toronto,3,Device Family,79,26,1002645
2025,535,Toronto,3,Device Group,1,1,1002645
2025,535,Toronto,3,Device Group Family,46,1,1002645
2025,535,Toronto,3,Single Device,4,4,1002645
2025,535,Toronto,3,System,97,18,1002645
2025,535,Toronto,3,Test Kit,63,12,1002645
2025,535,Toronto,4,Device Family,1,1,1002645
2025,535,Toronto,4,Device Group,1,1,1002645
2025,535,Toronto,4,Device Group Family,2,1,1002645
2025,535,Toronto,4,Single Device,3,3,1002645
2025,535,Toronto,4,Test Kit,1,1,1002645
2025,537,Hamilton,2,Device Family,135,16,149635
2025,537,Hamilton,2,Device Group Family,5,3,149635
2025,537,Hamilton,2,Single Device,6,6,149635
2025,537,Hamilton,2,System,2,1,149635
2025,537,Hamilton,2,Test Kit,40,23,149635
2025,537,Hamilton,3,Test Kit,1,1,149635
2025,541,Kitchener - Cambridge - Waterloo,2,Device Family,99,35,89705
2025,541,Kitchener - Cambridge - Waterloo,2,Device Group,3,2,89705
2025,541,Kitchener - Cambridge - Waterloo,2,Device Group Family,8,3,89705
2025,541,Kitchener - Cambridge - Waterloo,2,Single Device,14,13,89705
2025,541,Kitchener - Cambridge - Waterloo,2,System,139,19,89705
2025,541,Kitchener - Cambridge - Waterloo,3,Device Family,2,1,89705
2025,541,Kitchener - Cambridge - Waterloo,3,Device Group Family,5,3,89705
2025,541,Kitchener - Cambridge - Waterloo,3,Single Device,2,2,89705
2025,541,Kitchener - Cambridge - Waterloo,3,System,62,15,89705
2025,543,Brantford,2,Single Device,1,1,27840
2025,544,Woodstock,2,Device Family,1,1,
2025,550,Guelph,2,Device Family,2,1,27955
2025,550,Guelph,2,Single Device,5,5,27955
2025,553,Stratford,3,Device Family,1,1,
2025,566,Owen Sound,2,Device Family,1,1,
2025,566,Owen Sound,2,Device Group,1,1,
2025,567,Collingwood,2,Device Family,3,3,
2025,568,Barrie,2,Device Family,52,20,34440
2025,568,Barrie,2,Device Group Family,7,4,34440
2025,568,Barrie,2,Single Device,6,4,34440
2025,568,Barrie,2,Test Kit,2,2,34440
2025,568,Barrie,3,Test Kit,9,5,34440
2025,NA,Unmapped / Out-of-scope,2,Device Family,2725,878,
2025,NA,Unmapped / Out-of-scope,2,Device Group,76,59,
2025,NA,Unmapped / Out-of-scope,2,Device Group Family,774,189,
2025,NA,Unmapped / Out-of-scope,2,Single Device,403,390,
2025,NA,Unmapped / Out-of-scope,2,System,958,184,
2025,NA,Unmapped / Out-of-scope,2,Test Kit,497,269,
2025,NA,Unmapped / Out-of-scope,3,Device Family,139,54,
2025,NA,Unmapped / Out-of-scope,3,Device Group,7,7,
2025,NA,Unmapped / Out-of-scope,3,Device Group Family,69,17,
2025,NA,Unmapped / Out-of-scope,3,Single Device,42,40,
2025,NA,Unmapped / Out-of-scope,3,System,573,85,
2025,NA,Unmapped / Out-of-scope,3,Test Kit,18,16,
2025,NA,Unmapped / Out-of-scope,4,Device Family,17,6,
2025,NA,Unmapped / Out-of-scope,4,Device Group Family,2,2,
2025,NA,Unmapped / Out-of-scope,4,Single Device,4,4,
2025,NA,Unmapped / Out-of-scope,4,System,26,6,
2025,NA,Unmapped / Out-of-scope,4,Test Kit,15,12,
2026,501,Cornwall,2,Device Family,1,1,
2026,505,Ottawa - Gatineau (Ontario part / partie de l'Ontario),2,Device Family,12,8,195980
2026,505,Ottawa - Gatineau (Ontario part / partie de l'Ontario),2,Single Device,9,9,195980
2026,521,Kingston,2,Device Family,3,1,36965
2026,521,Kingston,2,Single Device,1,1,36965
2026,530,Kawartha Lakes,2,Device Family,8,7,
2026,530,Kawartha Lakes,2,Device Group,2,2,
2026,530,Kawartha Lakes,2,Device Group Family,28,3,
2026,530,Kawartha Lakes,2,Single Device,14,14,
2026,530,Kawartha Lakes,3,Device Group Family,2,2,
2026,532,Oshawa,2,Device Family,2,1,65435
2026,532,Oshawa,2,Test Kit,2,2,65435
2026,535,Toronto,2,Device Family,862,334,1002645
2026,535,Toronto,2,Device Group,44,40,1002645
2026,535,Toronto,2,Device Group Family,174,60,1002645
2026,535,Toronto,2,Single Device,105,103,1002645
2026,535,Toronto,2,System,246,54,1002645
2026,535,Toronto,2,Test Kit,189,51,1002645
2026,535,Toronto,3,Device Family,79,26,1002645
2026,535,Toronto,3,Device Group,1,1,1002645
2026,535,Toronto,3,Device Group Family,46,1,1002645
2026,535,Toronto,3,Single Device,4,4,1002645
2026,535,Toronto,3,System,102,19,1002645
2026,535,Toronto,3,Test Kit,64,13,1002645
2026,535,Toronto,4,Device Family,1,1,1002645
2026,535,Toronto,4,Device Group,1,1,1002645
2026,535,Toronto,4,Device Group Family,2,1,1002645
2026,535,Toronto,4,Single Device,3,3,1002645
2026,535,Toronto,4,Test Kit,1,1,1002645
2026,537,Hamilton,2,Device Family,140,17,149635
2026,537,Hamilton,2,Device Group Family,5,3,149635
2026,537,Hamilton,2,Single Device,6,6,149635
2026,537,Hamilton,2,System,2,1,149635
2026,537,Hamilton,2,Test Kit,40,23,149635
2026,537,Hamilton,3,Test Kit,1,1,149635
2026,541,Kitchener - Cambridge - Waterloo,2,Device Family,99,35,89705
2026,541,Kitchener - Cambridge - Waterloo,2,Device Group,3,2,89705
2026,541,Kitchener - Cambridge - Waterloo,2,Device Group Family,8,3,89705
2026,541,Kitchener - Cambridge - Waterloo,2,Single Device,14,13,89705
2026,541,Kitchener - Cambridge - Waterloo,2,System,139,19,89705
2026,541,Kitchener - Cambridge - Waterloo,3,Device Family,2,1,89705
2026,541,Kitchener - Cambridge - Waterloo,3,Device Group Family,5,3,89705
2026,541,Kitchener - Cambridge - Waterloo,3,Single Device,2,2,89705
2026,541,Kitchener - Cambridge - Waterloo,3,System,62,15,89705
2026,543,Brantford,2,Single Device,1,1,27840
2026,544,Woodstock,2,Device Family,1,1,
2026,550,Guelph,2,Device Family,2,1,27955
2026,550,Guelph,2,Single Device,5,5,27955
2026,553,Stratford,3,Device Family,1,1,
2026,566,Owen Sound,2,Device Family,1,1,
2026,566,Owen Sound,2,Device Group,1,1,
2026,566,Owen Sound,2,System,3,1,
2026,567,Collingwood,2,Device Family,3,3,
2026,568,Barrie,2,Device Family,52,20,34440
2026,568,Barrie,2,Device Group Family,7,4,34440
2026,568,Barrie,2,Single Device,6,4,34440
2026,568,Barrie,2,Test Kit,2,2,34440
2026,568,Barrie,3,Test Kit,9,5,34440
2026,NA,Unmapped / Out-of-scope,2,Device Family,2733,886,
2026,NA,Unmapped / Out-of-scope,2,Device Group,79,62,
2026,NA,Unmapped / Out-of-scope,2,Device Group Family,776,189,
2026,NA,Unmapped / Out-of-scope,2,Single Device,410,397,
2026,NA,Unmapped / Out-of-scope,2,System,971,185,
2026,NA,Unmapped / Out-of-scope,2,Test Kit,500,272,
2026,NA,Unmapped / Out-of-scope,3,Device Family,141,56,
2026,NA,Unmapped / Out-of-scope,3,Device Group,7,7,
2026,NA,Unmapped / Out-of-scope,3,Device Group Family,70,18,
2026,NA,Unmapped / Out-of-scope,3,Single Device,44,42,
2026,NA,Unmapped / Out-of-scope,3,System,584,88,
2026,NA,Unmapped / Out-of-scope,3,Test Kit,18,16,
2026,NA,Unmapped / Out-of-scope,4,Device Family,17,6,
2026,NA,Unmapped / Out-of-scope,4,Device Group Family,2,2,
2026,NA,Unmapped / Out-of-scope,4,Single Device,4,4,
2026,NA,Unmapped / Out-of-scope,4,System,26,6,
2026,NA,Unmapped / Out-of-scope,4,Test Kit,15,12,
