data_scope,geography_type,geography_name,ref_date,age_group,gender,information_and_communication_technology_related_assistive_aids_devices_or_technologies,percentage_of_persons,number_of_persons,source_note
Official_CSD,Province,Ontario,2017,15 to 24 years,Men+,"Does not use information and communication technology-related (ICT-related) assistive aids, devices or technologies",55.9,51660.0,StatsCan CSD public tables (Ontario). Geography: province/territory only
Official_CSD,Province,Ontario,2017,15 to 24 years,Men+,"Total, persons with disabilities who use and do not use information and communication technology",100.0,92450.0,StatsCan CSD public tables (Ontario). Geography: province/territory only
Official_CSD,Province,Ontario,2017,15 to 24 years,Men+,"Uses information and communication technology-related (ICT-related) assistive aids, devices, or technologies",44.1,40790.0,StatsCan CSD public tables (Ontario). Geography: province/territory only
Official_CSD,Province,Ontario,2017,15 to 24 years,"Total, gender","Does not use information and communication technology-related (ICT-related) assistive aids, devices or technologies",62.8,141680.0,StatsCan CSD public tables (Ontario). Geography: province/territory only
Official_CSD,Province,Ontario,2017,15 to 24 years,"Total, gender","Total, persons with disabilities who use and do not use information and communication technology",100.0,225640.0,StatsCan CSD public tables (Ontario). Geography: province/territory only
Official_CSD,Province,Ontario,2017,15 to 24 years,"Total, gender","Uses information and communication technology-related (ICT-related) assistive aids, devices, or technologies",37.2,83960.0,StatsCan CSD public tables (Ontario). Geography: province/territory only
Official_CSD,Province,Ontario,2017,15 to 24 years,Women+,"Does not use information and communication technology-related (ICT-related) assistive aids, devices or technologies",67.6,90010.0,StatsCan CSD public tables (Ontario). Geography: province/territory only
Official_CSD,Province,Ontario,2017,15 to 24 years,Women+,"Total, persons with disabilities who use and do not use information and communication technology",100.0,133180.0,StatsCan CSD public tables (Ontario). Geography: province/territory only
Official_CSD,Province,Ontario,2017,15 to 24 years,Women+,"Uses information and communication technology-related (ICT-related) assistive aids, devices, or technologies",32.4,,StatsCan CSD public tables (Ontario). Geography: province/territory only
Official_CSD,Province,Ontario,2017,25 to 64 years,Men+,"Does not use information and communication technology-related (ICT-related) assistive aids, devices or technologies",74.5,511500.0,StatsCan CSD public tables (Ontario). Geography: province/territory only
Official_CSD,Province,Ontario,2017,25 to 64 years,Men+,"Total, persons with disabilities who use and do not use information and communication technology",100.0,686160.0,StatsCan CSD public tables (Ontario). Geography: province/territory only
Official_CSD,Province,Ontario,2017,25 to 64 years,Men+,"Uses information and communication technology-related (ICT-related) assistive aids, devices, or technologies",25.5,174660.0,StatsCan CSD public tables (Ontario). Geography: province/territory only
Official_CSD,Province,Ontario,2017,25 to 64 years,"Total, gender","Does not use information and communication technology-related (ICT-related) assistive aids, devices or technologies",72.7,1094200.0,StatsCan CSD public tables (Ontario). Geography: province/territory only
Official_CSD,Province,Ontario,2017,25 to 64 years,"Total, gender","Total, persons with disabilities who use and do not use information and communication technology",100.0,1504500.0,StatsCan CSD public tables (Ontario). Geography: province/territory only
Official_CSD,Province,Ontario,2017,25 to 64 years,"Total, gender","Uses information and communication technology-related (ICT-related) assistive aids, devices, or technologies",27.3,410300.0,StatsCan CSD public tables (Ontario). Geography: province/territory only
Official_CSD,Province,Ontario,2017,25 to 64 years,Women+,"Does not use information and communication technology-related (ICT-related) assistive aids, devices or technologies",71.2,582700.0,StatsCan CSD public tables (Ontario). Geography: province/territory only
Official_CSD,Province,Ontario,2017,25 to 64 years,Women+,"Total, persons with disabilities who use and do not use information and communication technology",100.0,818340.0,StatsCan CSD public tables (Ontario). Geography: province/territory only
Official_CSD,Province,Ontario,2017,25 to 64 years,Women+,"Uses information and communication technology-related (ICT-related) assistive aids, devices, or technologies",28.8,235640.0,StatsCan CSD public tables (Ontario). Geography: province/territory only
Official_CSD,Province,Ontario,2017,65 years and over,Men+,"Does not use information and communication technology-related (ICT-related) assistive aids, devices or technologies",68.5,254950.0,StatsCan CSD public tables (Ontario). Geography: province/territory only
Official_CSD,Province,Ontario,2017,65 years and over,Men+,"Total, persons with disabilities who use and do not use information and communication technology",100.0,372070.0,StatsCan CSD public tables (Ontario). Geography: province/territory only
Official_CSD,Province,Ontario,2017,65 years and over,Men+,"Uses information and communication technology-related (ICT-related) assistive aids, devices, or technologies",31.5,117120.0,StatsCan CSD public tables (Ontario). Geography: province/territory only
Official_CSD,Province,Ontario,2017,65 years and over,"Total, gender","Does not use information and communication technology-related (ICT-related) assistive aids, devices or technologies",68.3,591970.0,StatsCan CSD public tables (Ontario). Geography: province/territory only
Official_CSD,Province,Ontario,2017,65 years and over,"Total, gender","Total, persons with disabilities who use and do not use information and communication technology",100.0,866340.0,StatsCan CSD public tables (Ontario). Geography: province/territory only
Official_CSD,Province,Ontario,2017,65 years and over,"Total, gender","Uses information and communication technology-related (ICT-related) assistive aids, devices, or technologies",31.7,274370.0,StatsCan CSD public tables (Ontario). Geography: province/territory only
Official_CSD,Province,Ontario,2017,65 years and over,Women+,"Does not use information and communication technology-related (ICT-related) assistive aids, devices or technologies",68.2,337030.0,StatsCan CSD public tables (Ontario). Geography: province/territory only
Official_CSD,Province,Ontario,2017,65 years and over,Women+,"Total, persons with disabilities who use and do not use information and communication technology",100.0,494270.0,StatsCan CSD public tables (Ontario). Geography: province/territory only
Official_CSD,Province,Ontario,2017,65 years and over,Women+,"Uses information and communication technology-related (ICT-related) assistive aids, devices, or technologies",31.8,157250.0,StatsCan CSD public tables (Ontario). Geography: province/territory only
Official_CSD,Province,Ontario,2017,"Total, 15 years and over",Men+,"Does not use information and communication technology-related (ICT-related) assistive aids, devices or technologies",71.1,818110.0,StatsCan CSD public tables (Ontario). Geography: province/territory only
Official_CSD,Province,Ontario,2017,"Total, 15 years and over",Men+,"Total, persons with disabilities who use and do not use information and communication technology",100.0,1150690.0,StatsCan CSD public tables (Ontario). Geography: province/territory only
Official_CSD,Province,Ontario,2017,"Total, 15 years and over",Men+,"Uses information and communication technology-related (ICT-related) assistive aids, devices, or technologies",28.9,332580.0,StatsCan CSD public tables (Ontario). Geography: province/territory only
Official_CSD,Province,Ontario,2017,"Total, 15 years and over","Total, gender","Does not use information and communication technology-related (ICT-related) assistive aids, devices or technologies",70.4,1827850.0,StatsCan CSD public tables (Ontario). Geography: province/territory only
Official_CSD,Province,Ontario,2017,"Total, 15 years and over","Total, gender","Total, persons with disabilities who use and do not use information and communication technology",100.0,2596480.0,StatsCan CSD public tables (Ontario). Geography: province/territory only
Official_CSD,Province,Ontario,2017,"Total, 15 years and over","Total, gender","Uses information and communication technology-related (ICT-related) assistive aids, devices, or technologies",29.6,768630.0,StatsCan CSD public tables (Ontario). Geography: province/territory only
Official_CSD,Province,Ontario,2017,"Total, 15 years and over",Women+,"Does not use information and communication technology-related (ICT-related) assistive aids, devices or technologies",69.8,1009740.0,StatsCan CSD public tables (Ontario). Geography: province/territory only
Official_CSD,Province,Ontario,2017,"Total, 15 years and over",Women+,"Total, persons with disabilities who use and do not use information and communication technology",100.0,1445790.0,StatsCan CSD public tables (Ontario). Geography: province/territory only
Official_CSD,Province,Ontario,2017,"Total, 15 years and over",Women+,"Uses information and communication technology-related (ICT-related) assistive aids, devices, or technologies",30.2,436050.0,StatsCan CSD public tables (Ontario). Geography: province/territory only
Official_CSD,Province,Ontario,2022,15 to 24 years,Men+,"Does not use information and communication technology-related (ICT-related) assistive aids, devices or technologies",49.6,,StatsCan CSD public tables (Ontario). Geography: province/territory only
Official_CSD,Province,Ontario,2022,15 to 24 years,Men+,"Total, persons with disabilities who use and do not use information and communication technology",100.0,116430.0,StatsCan CSD public tables (Ontario). Geography: province/territory only
Official_CSD,Province,Ontario,2022,15 to 24 years,Men+,"Uses information and communication technology-related (ICT-related) assistive aids, devices, or technologies",50.4,,StatsCan CSD public tables (Ontario). Geography: province/territory only
Official_CSD,Province,Ontario,2022,15 to 24 years,"Total, gender","Does not use information and communication technology-related (ICT-related) assistive aids, devices or technologies",48.9,130800.0,StatsCan CSD public tables (Ontario). Geography: province/territory only
Official_CSD,Province,Ontario,2022,15 to 24 years,"Total, gender","Total, persons with disabilities who use and do not use information and communication technology",100.0,267440.0,StatsCan CSD public tables (Ontario). Geography: province/territory only
Official_CSD,Province,Ontario,2022,15 to 24 years,"Total, gender","Uses information and communication technology-related (ICT-related) assistive aids, devices, or technologies",51.1,136640.0,StatsCan CSD public tables (Ontario). Geography: province/territory only
Official_CSD,Province,Ontario,2022,15 to 24 years,Women+,"Does not use information and communication technology-related (ICT-related) assistive aids, devices or technologies",48.4,73070.0,StatsCan CSD public tables (Ontario). Geography: province/territory only
Official_CSD,Province,Ontario,2022,15 to 24 years,Women+,"Total, persons with disabilities who use and do not use information and communication technology",100.0,151010.0,StatsCan CSD public tables (Ontario). Geography: province/territory only
Official_CSD,Province,Ontario,2022,15 to 24 years,Women+,"Uses information and communication technology-related (ICT-related) assistive aids, devices, or technologies",51.6,77930.0,StatsCan CSD public tables (Ontario). Geography: province/territory only
Official_CSD,Province,Ontario,2022,25 to 64 years,Men+,"Does not use information and communication technology-related (ICT-related) assistive aids, devices or technologies",64.1,457170.0,StatsCan CSD public tables (Ontario). Geography: province/territory only
Official_CSD,Province,Ontario,2022,25 to 64 years,Men+,"Total, persons with disabilities who use and do not use information and communication technology",100.0,713340.0,StatsCan CSD public tables (Ontario). Geography: province/territory only
Official_CSD,Province,Ontario,2022,25 to 64 years,Men+,"Uses information and communication technology-related (ICT-related) assistive aids, devices, or technologies",35.9,256180.0,StatsCan CSD public tables (Ontario). Geography: province/territory only
Official_CSD,Province,Ontario,2022,25 to 64 years,"Total, gender","Does not use information and communication technology-related (ICT-related) assistive aids, devices or technologies",60.6,963330.0,StatsCan CSD public tables (Ontario). Geography: province/territory only
Official_CSD,Province,Ontario,2022,25 to 64 years,"Total, gender","Total, persons with disabilities who use and do not use information and communication technology",100.0,1588590.0,StatsCan CSD public tables (Ontario). Geography: province/territory only
Official_CSD,Province,Ontario,2022,25 to 64 years,"Total, gender","Uses information and communication technology-related (ICT-related) assistive aids, devices, or technologies",39.4,625260.0,StatsCan CSD public tables (Ontario). Geography: province/territory only
Official_CSD,Province,Ontario,2022,25 to 64 years,Women+,"Does not use information and communication technology-related (ICT-related) assistive aids, devices or technologies",57.8,506160.0,StatsCan CSD public tables (Ontario). Geography: province/territory only
Official_CSD,Province,Ontario,2022,25 to 64 years,Women+,"Total, persons with disabilities who use and do not use information and communication technology",100.0,875250.0,StatsCan CSD public tables (Ontario). Geography: province/territory only
Official_CSD,Province,Ontario,2022,25 to 64 years,Women+,"Uses information and communication technology-related (ICT-related) assistive aids, devices, or technologies",42.2,369090.0,StatsCan CSD public tables (Ontario). Geography: province/territory only
Official_CSD,Province,Ontario,2022,65 years and over,Men+,"Does not use information and communication technology-related (ICT-related) assistive aids, devices or technologies",58.9,245690.0,StatsCan CSD public tables (Ontario). Geography: province/territory only
Official_CSD,Province,Ontario,2022,65 years and over,Men+,"Total, persons with disabilities who use and do not use information and communication technology",100.0,417420.0,StatsCan CSD public tables (Ontario). Geography: province/territory only
Official_CSD,Province,Ontario,2022,65 years and over,Men+,"Uses information and communication technology-related (ICT-related) assistive aids, devices, or technologies",41.1,171720.0,StatsCan CSD public tables (Ontario). Geography: province/territory only
Official_CSD,Province,Ontario,2022,65 years and over,"Total, gender","Does not use information and communication technology-related (ICT-related) assistive aids, devices or technologies",63.7,615900.0,StatsCan CSD public tables (Ontario). Geography: province/territory only
Official_CSD,Province,Ontario,2022,65 years and over,"Total, gender","Total, persons with disabilities who use and do not use information and communication technology",100.0,966910.0,StatsCan CSD public tables (Ontario). Geography: province/territory only
Official_CSD,Province,Ontario,2022,65 years and over,"Total, gender","Uses information and communication technology-related (ICT-related) assistive aids, devices, or technologies",36.3,351010.0,StatsCan CSD public tables (Ontario). Geography: province/territory only
Official_CSD,Province,Ontario,2022,65 years and over,Women+,"Does not use information and communication technology-related (ICT-related) assistive aids, devices or technologies",67.4,370210.0,StatsCan CSD public tables (Ontario). Geography: province/territory only
Official_CSD,Province,Ontario,2022,65 years and over,Women+,"Total, persons with disabilities who use and do not use information and communication technology",100.0,549500.0,StatsCan CSD public tables (Ontario). Geography: province/territory only
Official_CSD,Province,Ontario,2022,65 years and over,Women+,"Uses information and communication technology-related (ICT-related) assistive aids, devices, or technologies",32.6,179290.0,StatsCan CSD public tables (Ontario). Geography: province/territory only
Official_CSD,Province,Ontario,2022,"Total, 15 years and over",Men+,"Does not use information and communication technology-related (ICT-related) assistive aids, devices or technologies",61.0,760590.0,StatsCan CSD public tables (Ontario). Geography: province/territory only
Official_CSD,Province,Ontario,2022,"Total, 15 years and over",Men+,"Total, persons with disabilities who use and do not use information and communication technology",100.0,1247200.0,StatsCan CSD public tables (Ontario). Geography: province/territory only
Official_CSD,Province,Ontario,2022,"Total, 15 years and over",Men+,"Uses information and communication technology-related (ICT-related) assistive aids, devices, or technologies",39.0,486610.0,StatsCan CSD public tables (Ontario). Geography: province/territory only
Official_CSD,Province,Ontario,2022,"Total, 15 years and over","Total, gender","Does not use information and communication technology-related (ICT-related) assistive aids, devices or technologies",60.6,1710030.0,StatsCan CSD public tables (Ontario). Geography: province/territory only
Official_CSD,Province,Ontario,2022,"Total, 15 years and over","Total, gender","Total, persons with disabilities who use and do not use information and communication technology",100.0,2822940.0,StatsCan CSD public tables (Ontario). Geography: province/territory only
Official_CSD,Province,Ontario,2022,"Total, 15 years and over","Total, gender","Uses information and communication technology-related (ICT-related) assistive aids, devices, or technologies",39.4,1112910.0,StatsCan CSD public tables (Ontario). Geography: province/territory only
Official_CSD,Province,Ontario,2022,"Total, 15 years and over",Women+,"Does not use information and communication technology-related (ICT-related) assistive aids, devices or technologies",60.3,949440.0,StatsCan CSD public tables (Ontario). Geography: province/territory only
Official_CSD,Province,Ontario,2022,"Total, 15 years and over",Women+,"Total, persons with disabilities who use and do not use information and communication technology",100.0,1575750.0,StatsCan CSD public tables (Ontario). Geography: province/territory only
Official_CSD,Province,Ontario,2022,"Total, 15 years and over",Women+,"Uses information and communication technology-related (ICT-related) assistive aids, devices, or technologies",39.7,626310.0,StatsCan CSD public tables (Ontario). Geography: province/territory only
CMA_Proxy,CMA,Barrie,2021,65 years and over,"Total, gender","Uses information and communication technology-related (ICT-related) assistive aids, devices, or technologies",36.3,12666.521999999999,Approximation: applied Ontario CSD 2022 % to CMA 65+ population (2021–2025)
CMA_Proxy,CMA,Barrie,2021,65 years and over,"Total, gender","Does not use information and communication technology-related (ICT-related) assistive aids, devices or technologies",63.7,22227.478000000003,Approximation: applied Ontario CSD 2022 % to CMA 65+ population (2021–2025)
CMA_Proxy,CMA,Barrie,2022,65 years and over,"Total, gender","Uses information and communication technology-related (ICT-related) assistive aids, devices, or technologies",36.3,13143.503999999999,Approximation: applied Ontario CSD 2022 % to CMA 65+ population (2021–2025)
CMA_Proxy,CMA,Barrie,2022,65 years and over,"Total, gender","Does not use information and communication technology-related (ICT-related) assistive aids, devices or technologies",63.7,23064.496,Approximation: applied Ontario CSD 2022 % to CMA 65+ population (2021–2025)
CMA_Proxy,CMA,Barrie,2023,65 years and over,"Total, gender","Uses information and communication technology-related (ICT-related) assistive aids, devices, or technologies",36.3,13667.312999999998,Approximation: applied Ontario CSD 2022 % to CMA 65+ population (2021–2025)
CMA_Proxy,CMA,Barrie,2023,65 years and over,"Total, gender","Does not use information and communication technology-related (ICT-related) assistive aids, devices or technologies",63.7,23983.687,Approximation: applied Ontario CSD 2022 % to CMA 65+ population (2021–2025)
CMA_Proxy,CMA,Barrie,2024,65 years and over,"Total, gender","Uses information and communication technology-related (ICT-related) assistive aids, devices, or technologies",36.3,14306.555999999999,Approximation: applied Ontario CSD 2022 % to CMA 65+ population (2021–2025)
CMA_Proxy,CMA,Barrie,2024,65 years and over,"Total, gender","Does not use information and communication technology-related (ICT-related) assistive aids, devices or technologies",63.7,25105.444,Approximation: applied Ontario CSD 2022 % to CMA 65+ population (2021–2025)
CMA_Proxy,CMA,Barrie,2025,65 years and over,"Total, gender","Uses information and communication technology-related (ICT-related) assistive aids, devices, or technologies",36.3,14983.187999999998,Approximation: applied Ontario CSD 2022 % to CMA 65+ population (2021–2025)
CMA_Proxy,CMA,Barrie,2025,65 years and over,"Total, gender","Does not use information and communication technology-related (ICT-related) assistive aids, devices or technologies",63.7,26292.812,Approximation: applied Ontario CSD 2022 % to CMA 65+ population (2021–2025)
CMA_Proxy,CMA,Belleville - Quinte West,2021,65 years and over,"Total, gender","Uses information and communication technology-related (ICT-related) assistive aids, devices, or technologies",36.3,9302.601,Approximation: applied Ontario CSD 2022 % to CMA 65+ population (2021–2025)
CMA_Proxy,CMA,Belleville - Quinte West,2021,65 years and over,"Total, gender","Does not use information and communication technology-related (ICT-related) assistive aids, devices or technologies",63.7,16324.399000000001,Approximation: applied Ontario CSD 2022 % to CMA 65+ population (2021–2025)
CMA_Proxy,CMA,Belleville - Quinte West,2022,65 years and over,"Total, gender","Uses information and communication technology-related (ICT-related) assistive aids, devices, or technologies",36.3,9700.812,Approximation: applied Ontario CSD 2022 % to CMA 65+ population (2021–2025)
CMA_Proxy,CMA,Belleville - Quinte West,2022,65 years and over,"Total, gender","Does not use information and communication technology-related (ICT-related) assistive aids, devices or technologies",63.7,17023.188000000002,Approximation: applied Ontario CSD 2022 % to CMA 65+ population (2021–2025)
CMA_Proxy,CMA,Belleville - Quinte West,2023,65 years and over,"Total, gender","Uses information and communication technology-related (ICT-related) assistive aids, devices, or technologies",36.3,10018.8,Approximation: applied Ontario CSD 2022 % to CMA 65+ population (2021–2025)
CMA_Proxy,CMA,Belleville - Quinte West,2023,65 years and over,"Total, gender","Does not use information and communication technology-related (ICT-related) assistive aids, devices or technologies",63.7,17581.2,Approximation: applied Ontario CSD 2022 % to CMA 65+ population (2021–2025)
CMA_Proxy,CMA,Belleville - Quinte West,2024,65 years and over,"Total, gender","Uses information and communication technology-related (ICT-related) assistive aids, devices, or technologies",36.3,10347.314999999999,Approximation: applied Ontario CSD 2022 % to CMA 65+ population (2021–2025)
CMA_Proxy,CMA,Belleville - Quinte West,2024,65 years and over,"Total, gender","Does not use information and communication technology-related (ICT-related) assistive aids, devices or technologies",63.7,18157.685,Approximation: applied Ontario CSD 2022 % to CMA 65+ population (2021–2025)
CMA_Proxy,CMA,Belleville - Quinte West,2025,65 years and over,"Total, gender","Uses information and communication technology-related (ICT-related) assistive aids, devices, or technologies",36.3,10692.527999999998,Approximation: applied Ontario CSD 2022 % to CMA 65+ population (2021–2025)
CMA_Proxy,CMA,Belleville - Quinte West,2025,65 years and over,"Total, gender","Does not use information and communication technology-related (ICT-related) assistive aids, devices or technologies",63.7,18763.472,Approximation: applied Ontario CSD 2022 % to CMA 65+ population (2021–2025)
CMA_Proxy,CMA,Brantford,2021,65 years and over,"Total, gender","Uses information and communication technology-related (ICT-related) assistive aids, devices, or technologies",36.3,10482.350999999999,Approximation: applied Ontario CSD 2022 % to CMA 65+ population (2021–2025)
CMA_Proxy,CMA,Brantford,2021,65 years and over,"Total, gender","Does not use information and communication technology-related (ICT-related) assistive aids, devices or technologies",63.7,18394.649,Approximation: applied Ontario CSD 2022 % to CMA 65+ population (2021–2025)
CMA_Proxy,CMA,Brantford,2022,65 years and over,"Total, gender","Uses information and communication technology-related (ICT-related) assistive aids, devices, or technologies",36.3,10844.987999999998,Approximation: applied Ontario CSD 2022 % to CMA 65+ population (2021–2025)
CMA_Proxy,CMA,Brantford,2022,65 years and over,"Total, gender","Does not use information and communication technology-related (ICT-related) assistive aids, devices or technologies",63.7,19031.012000000002,Approximation: applied Ontario CSD 2022 % to CMA 65+ population (2021–2025)
CMA_Proxy,CMA,Brantford,2023,65 years and over,"Total, gender","Uses information and communication technology-related (ICT-related) assistive aids, devices, or technologies",36.3,11189.475,Approximation: applied Ontario CSD 2022 % to CMA 65+ population (2021–2025)
CMA_Proxy,CMA,Brantford,2023,65 years and over,"Total, gender","Does not use information and communication technology-related (ICT-related) assistive aids, devices or technologies",63.7,19635.525,Approximation: applied Ontario CSD 2022 % to CMA 65+ population (2021–2025)
CMA_Proxy,CMA,Brantford,2024,65 years and over,"Total, gender","Uses information and communication technology-related (ICT-related) assistive aids, devices, or technologies",36.3,11543.037,Approximation: applied Ontario CSD 2022 % to CMA 65+ population (2021–2025)
CMA_Proxy,CMA,Brantford,2024,65 years and over,"Total, gender","Does not use information and communication technology-related (ICT-related) assistive aids, devices or technologies",63.7,20255.963,Approximation: applied Ontario CSD 2022 % to CMA 65+ population (2021–2025)
CMA_Proxy,CMA,Brantford,2025,65 years and over,"Total, gender","Uses information and communication technology-related (ICT-related) assistive aids, devices, or technologies",36.3,11902.044,Approximation: applied Ontario CSD 2022 % to CMA 65+ population (2021–2025)
CMA_Proxy,CMA,Brantford,2025,65 years and over,"Total, gender","Does not use information and communication technology-related (ICT-related) assistive aids, devices or technologies",63.7,20885.956000000002,Approximation: applied Ontario CSD 2022 % to CMA 65+ population (2021–2025)
CMA_Proxy,CMA,Greater Sudbury,2021,65 years and over,"Total, gender","Uses information and communication technology-related (ICT-related) assistive aids, devices, or technologies",36.3,12743.115,Approximation: applied Ontario CSD 2022 % to CMA 65+ population (2021–2025)
CMA_Proxy,CMA,Greater Sudbury,2021,65 years and over,"Total, gender","Does not use information and communication technology-related (ICT-related) assistive aids, devices or technologies",63.7,22361.885,Approximation: applied Ontario CSD 2022 % to CMA 65+ population (2021–2025)
CMA_Proxy,CMA,Greater Sudbury,2022,65 years and over,"Total, gender","Uses information and communication technology-related (ICT-related) assistive aids, devices, or technologies",36.3,13094.862,Approximation: applied Ontario CSD 2022 % to CMA 65+ population (2021–2025)
CMA_Proxy,CMA,Greater Sudbury,2022,65 years and over,"Total, gender","Does not use information and communication technology-related (ICT-related) assistive aids, devices or technologies",63.7,22979.138000000003,Approximation: applied Ontario CSD 2022 % to CMA 65+ population (2021–2025)
CMA_Proxy,CMA,Greater Sudbury,2023,65 years and over,"Total, gender","Uses information and communication technology-related (ICT-related) assistive aids, devices, or technologies",36.3,13481.094,Approximation: applied Ontario CSD 2022 % to CMA 65+ population (2021–2025)
CMA_Proxy,CMA,Greater Sudbury,2023,65 years and over,"Total, gender","Does not use information and communication technology-related (ICT-related) assistive aids, devices or technologies",63.7,23656.906000000003,Approximation: applied Ontario CSD 2022 % to CMA 65+ population (2021–2025)
CMA_Proxy,CMA,Greater Sudbury,2024,65 years and over,"Total, gender","Uses information and communication technology-related (ICT-related) assistive aids, devices, or technologies",36.3,13857.887999999999,Approximation: applied Ontario CSD 2022 % to CMA 65+ population (2021–2025)
CMA_Proxy,CMA,Greater Sudbury,2024,65 years and over,"Total, gender","Does not use information and communication technology-related (ICT-related) assistive aids, devices or technologies",63.7,24318.112,Approximation: applied Ontario CSD 2022 % to CMA 65+ population (2021–2025)
CMA_Proxy,CMA,Greater Sudbury,2025,65 years and over,"Total, gender","Uses information and communication technology-related (ICT-related) assistive aids, devices, or technologies",36.3,14258.64,Approximation: applied Ontario CSD 2022 % to CMA 65+ population (2021–2025)
CMA_Proxy,CMA,Greater Sudbury,2025,65 years and over,"Total, gender","Does not use information and communication technology-related (ICT-related) assistive aids, devices or technologies",63.7,25021.36,Approximation: applied Ontario CSD 2022 % to CMA 65+ population (2021–2025)
CMA_Proxy,CMA,Guelph,2021,65 years and over,"Total, gender","Uses information and communication technology-related (ICT-related) assistive aids, devices, or technologies",36.3,10265.277,Approximation: applied Ontario CSD 2022 % to CMA 65+ population (2021–2025)
CMA_Proxy,CMA,Guelph,2021,65 years and over,"Total, gender","Does not use information and communication technology-related (ICT-related) assistive aids, devices or technologies",63.7,18013.723,Approximation: applied Ontario CSD 2022 % to CMA 65+ population (2021–2025)
CMA_Proxy,CMA,Guelph,2022,65 years and over,"Total, gender","Uses information and communication technology-related (ICT-related) assistive aids, devices, or technologies",36.3,10619.202,Approximation: applied Ontario CSD 2022 % to CMA 65+ population (2021–2025)
CMA_Proxy,CMA,Guelph,2022,65 years and over,"Total, gender","Does not use information and communication technology-related (ICT-related) assistive aids, devices or technologies",63.7,18634.798,Approximation: applied Ontario CSD 2022 % to CMA 65+ population (2021–2025)
CMA_Proxy,CMA,Guelph,2023,65 years and over,"Total, gender","Uses information and communication technology-related (ICT-related) assistive aids, devices, or technologies",36.3,10958.97,Approximation: applied Ontario CSD 2022 % to CMA 65+ population (2021–2025)
CMA_Proxy,CMA,Guelph,2023,65 years and over,"Total, gender","Does not use information and communication technology-related (ICT-related) assistive aids, devices or technologies",63.7,19231.03,Approximation: applied Ontario CSD 2022 % to CMA 65+ population (2021–2025)
CMA_Proxy,CMA,Guelph,2024,65 years and over,"Total, gender","Uses information and communication technology-related (ICT-related) assistive aids, devices, or technologies",36.3,11296.922999999999,Approximation: applied Ontario CSD 2022 % to CMA 65+ population (2021–2025)
CMA_Proxy,CMA,Guelph,2024,65 years and over,"Total, gender","Does not use information and communication technology-related (ICT-related) assistive aids, devices or technologies",63.7,19824.077,Approximation: applied Ontario CSD 2022 % to CMA 65+ population (2021–2025)
CMA_Proxy,CMA,Guelph,2025,65 years and over,"Total, gender","Uses information and communication technology-related (ICT-related) assistive aids, devices, or technologies",36.3,11653.752,Approximation: applied Ontario CSD 2022 % to CMA 65+ population (2021–2025)
CMA_Proxy,CMA,Guelph,2025,65 years and over,"Total, gender","Does not use information and communication technology-related (ICT-related) assistive aids, devices or technologies",63.7,20450.248,Approximation: applied Ontario CSD 2022 % to CMA 65+ population (2021–2025)
CMA_Proxy,CMA,Hamilton,2021,65 years and over,"Total, gender","Uses information and communication technology-related (ICT-related) assistive aids, devices, or technologies",36.3,54902.297999999995,Approximation: applied Ontario CSD 2022 % to CMA 65+ population (2021–2025)
CMA_Proxy,CMA,Hamilton,2021,65 years and over,"Total, gender","Does not use information and communication technology-related (ICT-related) assistive aids, devices or technologies",63.7,96343.702,Approximation: applied Ontario CSD 2022 % to CMA 65+ population (2021–2025)
CMA_Proxy,CMA,Hamilton,2022,65 years and over,"Total, gender","Uses information and communication technology-related (ICT-related) assistive aids, devices, or technologies",36.3,56210.55,Approximation: applied Ontario CSD 2022 % to CMA 65+ population (2021–2025)
CMA_Proxy,CMA,Hamilton,2022,65 years and over,"Total, gender","Does not use information and communication technology-related (ICT-related) assistive aids, devices or technologies",63.7,98639.45,Approximation: applied Ontario CSD 2022 % to CMA 65+ population (2021–2025)
CMA_Proxy,CMA,Hamilton,2023,65 years and over,"Total, gender","Uses information and communication technology-related (ICT-related) assistive aids, devices, or technologies",36.3,57735.513,Approximation: applied Ontario CSD 2022 % to CMA 65+ population (2021–2025)
CMA_Proxy,CMA,Hamilton,2023,65 years and over,"Total, gender","Does not use information and communication technology-related (ICT-related) assistive aids, devices or technologies",63.7,101315.48700000001,Approximation: applied Ontario CSD 2022 % to CMA 65+ population (2021–2025)
CMA_Proxy,CMA,Hamilton,2024,65 years and over,"Total, gender","Uses information and communication technology-related (ICT-related) assistive aids, devices, or technologies",36.3,59506.953,Approximation: applied Ontario CSD 2022 % to CMA 65+ population (2021–2025)
CMA_Proxy,CMA,Hamilton,2024,65 years and over,"Total, gender","Does not use information and communication technology-related (ICT-related) assistive aids, devices or technologies",63.7,104424.047,Approximation: applied Ontario CSD 2022 % to CMA 65+ population (2021–2025)
CMA_Proxy,CMA,Hamilton,2025,65 years and over,"Total, gender","Uses information and communication technology-related (ICT-related) assistive aids, devices, or technologies",36.3,61289.282999999996,Approximation: applied Ontario CSD 2022 % to CMA 65+ population (2021–2025)
CMA_Proxy,CMA,Hamilton,2025,65 years and over,"Total, gender","Does not use information and communication technology-related (ICT-related) assistive aids, devices or technologies",63.7,107551.717,Approximation: applied Ontario CSD 2022 % to CMA 65+ population (2021–2025)
CMA_Proxy,CMA,Kingston,2021,65 years and over,"Total, gender","Uses information and communication technology-related (ICT-related) assistive aids, devices, or technologies",36.3,13582.371,Approximation: applied Ontario CSD 2022 % to CMA 65+ population (2021–2025)
CMA_Proxy,CMA,Kingston,2021,65 years and over,"Total, gender","Does not use information and communication technology-related (ICT-related) assistive aids, devices or technologies",63.7,23834.629,Approximation: applied Ontario CSD 2022 % to CMA 65+ population (2021–2025)
CMA_Proxy,CMA,Kingston,2022,65 years and over,"Total, gender","Uses information and communication technology-related (ICT-related) assistive aids, devices, or technologies",36.3,14009.622,Approximation: applied Ontario CSD 2022 % to CMA 65+ population (2021–2025)
CMA_Proxy,CMA,Kingston,2022,65 years and over,"Total, gender","Does not use information and communication technology-related (ICT-related) assistive aids, devices or technologies",63.7,24584.378000000004,Approximation: applied Ontario CSD 2022 % to CMA 65+ population (2021–2025)
CMA_Proxy,CMA,Kingston,2023,65 years and over,"Total, gender","Uses information and communication technology-related (ICT-related) assistive aids, devices, or technologies",36.3,14421.627,Approximation: applied Ontario CSD 2022 % to CMA 65+ population (2021–2025)
CMA_Proxy,CMA,Kingston,2023,65 years and over,"Total, gender","Does not use information and communication technology-related (ICT-related) assistive aids, devices or technologies",63.7,25307.373000000003,Approximation: applied Ontario CSD 2022 % to CMA 65+ population (2021–2025)
CMA_Proxy,CMA,Kingston,2024,65 years and over,"Total, gender","Uses information and communication technology-related (ICT-related) assistive aids, devices, or technologies",36.3,14826.008999999998,Approximation: applied Ontario CSD 2022 % to CMA 65+ population (2021–2025)
CMA_Proxy,CMA,Kingston,2024,65 years and over,"Total, gender","Does not use information and communication technology-related (ICT-related) assistive aids, devices or technologies",63.7,26016.991,Approximation: applied Ontario CSD 2022 % to CMA 65+ population (2021–2025)
CMA_Proxy,CMA,Kingston,2025,65 years and over,"Total, gender","Uses information and communication technology-related (ICT-related) assistive aids, devices, or technologies",36.3,15257.252999999999,Approximation: applied Ontario CSD 2022 % to CMA 65+ population (2021–2025)
CMA_Proxy,CMA,Kingston,2025,65 years and over,"Total, gender","Does not use information and communication technology-related (ICT-related) assistive aids, devices or technologies",63.7,26773.747000000003,Approximation: applied Ontario CSD 2022 % to CMA 65+ population (2021–2025)
CMA_Proxy,CMA,Kitchener - Cambridge - Waterloo,2021,65 years and over,"Total, gender","Uses information and communication technology-related (ICT-related) assistive aids, devices, or technologies",36.3,32946.242999999995,Approximation: applied Ontario CSD 2022 % to CMA 65+ population (2021–2025)
CMA_Proxy,CMA,Kitchener - Cambridge - Waterloo,2021,65 years and over,"Total, gender","Does not use information and communication technology-related (ICT-related) assistive aids, devices or technologies",63.7,57814.757000000005,Approximation: applied Ontario CSD 2022 % to CMA 65+ population (2021–2025)
CMA_Proxy,CMA,Kitchener - Cambridge - Waterloo,2022,65 years and over,"Total, gender","Uses information and communication technology-related (ICT-related) assistive aids, devices, or technologies",36.3,33980.793,Approximation: applied Ontario CSD 2022 % to CMA 65+ population (2021–2025)
CMA_Proxy,CMA,Kitchener - Cambridge - Waterloo,2022,65 years and over,"Total, gender","Does not use information and communication technology-related (ICT-related) assistive aids, devices or technologies",63.7,59630.207,Approximation: applied Ontario CSD 2022 % to CMA 65+ population (2021–2025)
CMA_Proxy,CMA,Kitchener - Cambridge - Waterloo,2023,65 years and over,"Total, gender","Uses information and communication technology-related (ICT-related) assistive aids, devices, or technologies",36.3,35073.06,Approximation: applied Ontario CSD 2022 % to CMA 65+ population (2021–2025)
CMA_Proxy,CMA,Kitchener - Cambridge - Waterloo,2023,65 years and over,"Total, gender","Does not use information and communication technology-related (ICT-related) assistive aids, devices or technologies",63.7,61546.94,Approximation: applied Ontario CSD 2022 % to CMA 65+ population (2021–2025)
CMA_Proxy,CMA,Kitchener - Cambridge - Waterloo,2024,65 years and over,"Total, gender","Uses information and communication technology-related (ICT-related) assistive aids, devices, or technologies",36.3,36219.414,Approximation: applied Ontario CSD 2022 % to CMA 65+ population (2021–2025)
CMA_Proxy,CMA,Kitchener - Cambridge - Waterloo,2024,65 years and over,"Total, gender","Does not use information and communication technology-related (ICT-related) assistive aids, devices or technologies",63.7,63558.586,Approximation: applied Ontario CSD 2022 % to CMA 65+ population (2021–2025)
CMA_Proxy,CMA,Kitchener - Cambridge - Waterloo,2025,65 years and over,"Total, gender","Uses information and communication technology-related (ICT-related) assistive aids, devices, or technologies",36.3,37402.068,Approximation: applied Ontario CSD 2022 % to CMA 65+ population (2021–2025)
CMA_Proxy,CMA,Kitchener - Cambridge - Waterloo,2025,65 years and over,"Total, gender","Does not use information and communication technology-related (ICT-related) assistive aids, devices or technologies",63.7,65633.932,Approximation: applied Ontario CSD 2022 % to CMA 65+ population (2021–2025)
CMA_Proxy,CMA,London,2021,65 years and over,"Total, gender","Uses information and communication technology-related (ICT-related) assistive aids, devices, or technologies",36.3,36848.492999999995,Approximation: applied Ontario CSD 2022 % to CMA 65+ population (2021–2025)
CMA_Proxy,CMA,London,2021,65 years and over,"Total, gender","Does not use information and communication technology-related (ICT-related) assistive aids, devices or technologies",63.7,64662.507000000005,Approximation: applied Ontario CSD 2022 % to CMA 65+ population (2021–2025)
CMA_Proxy,CMA,London,2022,65 years and over,"Total, gender","Uses information and communication technology-related (ICT-related) assistive aids, devices, or technologies",36.3,38122.623,Approximation: applied Ontario CSD 2022 % to CMA 65+ population (2021–2025)
CMA_Proxy,CMA,London,2022,65 years and over,"Total, gender","Does not use information and communication technology-related (ICT-related) assistive aids, devices or technologies",63.7,66898.37700000001,Approximation: applied Ontario CSD 2022 % to CMA 65+ population (2021–2025)
CMA_Proxy,CMA,London,2023,65 years and over,"Total, gender","Uses information and communication technology-related (ICT-related) assistive aids, devices, or technologies",36.3,39308.907,Approximation: applied Ontario CSD 2022 % to CMA 65+ population (2021–2025)
CMA_Proxy,CMA,London,2023,65 years and over,"Total, gender","Does not use information and communication technology-related (ICT-related) assistive aids, devices or technologies",63.7,68980.09300000001,Approximation: applied Ontario CSD 2022 % to CMA 65+ population (2021–2025)
CMA_Proxy,CMA,London,2024,65 years and over,"Total, gender","Uses information and communication technology-related (ICT-related) assistive aids, devices, or technologies",36.3,40568.88,Approximation: applied Ontario CSD 2022 % to CMA 65+ population (2021–2025)
CMA_Proxy,CMA,London,2024,65 years and over,"Total, gender","Does not use information and communication technology-related (ICT-related) assistive aids, devices or technologies",63.7,71191.12,Approximation: applied Ontario CSD 2022 % to CMA 65+ population (2021–2025)
CMA_Proxy,CMA,London,2025,65 years and over,"Total, gender","Uses information and communication technology-related (ICT-related) assistive aids, devices, or technologies",36.3,41873.138999999996,Approximation: applied Ontario CSD 2022 % to CMA 65+ population (2021–2025)
CMA_Proxy,CMA,London,2025,65 years and over,"Total, gender","Does not use information and communication technology-related (ICT-related) assistive aids, devices or technologies",63.7,73479.861,Approximation: applied Ontario CSD 2022 % to CMA 65+ population (2021–2025)
CMA_Proxy,CMA,Oshawa,2021,65 years and over,"Total, gender","Uses information and communication technology-related (ICT-related) assistive aids, devices, or technologies",36.3,24040.037999999997,Approximation: applied Ontario CSD 2022 % to CMA 65+ population (2021–2025)
CMA_Proxy,CMA,Oshawa,2021,65 years and over,"Total, gender","Does not use information and communication technology-related (ICT-related) assistive aids, devices or technologies",63.7,42185.962,Approximation: applied Ontario CSD 2022 % to CMA 65+ population (2021–2025)
CMA_Proxy,CMA,Oshawa,2022,65 years and over,"Total, gender","Uses information and communication technology-related (ICT-related) assistive aids, devices, or technologies",36.3,24917.409,Approximation: applied Ontario CSD 2022 % to CMA 65+ population (2021–2025)
CMA_Proxy,CMA,Oshawa,2022,65 years and over,"Total, gender","Does not use information and communication technology-related (ICT-related) assistive aids, devices or technologies",63.7,43725.59100000001,Approximation: applied Ontario CSD 2022 % to CMA 65+ population (2021–2025)
CMA_Proxy,CMA,Oshawa,2023,65 years and over,"Total, gender","Uses information and communication technology-related (ICT-related) assistive aids, devices, or technologies",36.3,25892.064,Approximation: applied Ontario CSD 2022 % to CMA 65+ population (2021–2025)
CMA_Proxy,CMA,Oshawa,2023,65 years and over,"Total, gender","Does not use information and communication technology-related (ICT-related) assistive aids, devices or technologies",63.7,45435.93600000001,Approximation: applied Ontario CSD 2022 % to CMA 65+ population (2021–2025)
CMA_Proxy,CMA,Oshawa,2024,65 years and over,"Total, gender","Uses information and communication technology-related (ICT-related) assistive aids, devices, or technologies",36.3,26961.825,Approximation: applied Ontario CSD 2022 % to CMA 65+ population (2021–2025)
CMA_Proxy,CMA,Oshawa,2024,65 years and over,"Total, gender","Does not use information and communication technology-related (ICT-related) assistive aids, devices or technologies",63.7,47313.175,Approximation: applied Ontario CSD 2022 % to CMA 65+ population (2021–2025)
CMA_Proxy,CMA,Oshawa,2025,65 years and over,"Total, gender","Uses information and communication technology-related (ICT-related) assistive aids, devices, or technologies",36.3,28097.652,Approximation: applied Ontario CSD 2022 % to CMA 65+ population (2021–2025)
CMA_Proxy,CMA,Oshawa,2025,65 years and over,"Total, gender","Does not use information and communication technology-related (ICT-related) assistive aids, devices or technologies",63.7,49306.348,Approximation: applied Ontario CSD 2022 % to CMA 65+ population (2021–2025)
CMA_Proxy,CMA,Ottawa - Gatineau (Ontario part),2021,65 years and over,"Total, gender","Uses information and communication technology-related (ICT-related) assistive aids, devices, or technologies",36.3,72064.575,Approximation: applied Ontario CSD 2022 % to CMA 65+ population (2021–2025)
CMA_Proxy,CMA,Ottawa - Gatineau (Ontario part),2021,65 years and over,"Total, gender","Does not use information and communication technology-related (ICT-related) assistive aids, devices or technologies",63.7,126460.425,Approximation: applied Ontario CSD 2022 % to CMA 65+ population (2021–2025)
CMA_Proxy,CMA,Ottawa - Gatineau (Ontario part),2022,65 years and over,"Total, gender","Uses information and communication technology-related (ICT-related) assistive aids, devices, or technologies",36.3,75013.22399999999,Approximation: applied Ontario CSD 2022 % to CMA 65+ population (2021–2025)
CMA_Proxy,CMA,Ottawa - Gatineau (Ontario part),2022,65 years and over,"Total, gender","Does not use information and communication technology-related (ICT-related) assistive aids, devices or technologies",63.7,131634.776,Approximation: applied Ontario CSD 2022 % to CMA 65+ population (2021–2025)
CMA_Proxy,CMA,Ottawa - Gatineau (Ontario part),2023,65 years and over,"Total, gender","Uses information and communication technology-related (ICT-related) assistive aids, devices, or technologies",36.3,77936.09999999999,Approximation: applied Ontario CSD 2022 % to CMA 65+ population (2021–2025)
CMA_Proxy,CMA,Ottawa - Gatineau (Ontario part),2023,65 years and over,"Total, gender","Does not use information and communication technology-related (ICT-related) assistive aids, devices or technologies",63.7,136763.9,Approximation: applied Ontario CSD 2022 % to CMA 65+ population (2021–2025)
CMA_Proxy,CMA,Ottawa - Gatineau (Ontario part),2024,65 years and over,"Total, gender","Uses information and communication technology-related (ICT-related) assistive aids, devices, or technologies",36.3,81180.594,Approximation: applied Ontario CSD 2022 % to CMA 65+ population (2021–2025)
CMA_Proxy,CMA,Ottawa - Gatineau (Ontario part),2024,65 years and over,"Total, gender","Does not use information and communication technology-related (ICT-related) assistive aids, devices or technologies",63.7,142457.40600000002,Approximation: applied Ontario CSD 2022 % to CMA 65+ population (2021–2025)
CMA_Proxy,CMA,Ottawa - Gatineau (Ontario part),2025,65 years and over,"Total, gender","Uses information and communication technology-related (ICT-related) assistive aids, devices, or technologies",36.3,84565.56899999999,Approximation: applied Ontario CSD 2022 % to CMA 65+ population (2021–2025)
CMA_Proxy,CMA,Ottawa - Gatineau (Ontario part),2025,65 years and over,"Total, gender","Does not use information and communication technology-related (ICT-related) assistive aids, devices or technologies",63.7,148397.431,Approximation: applied Ontario CSD 2022 % to CMA 65+ population (2021–2025)
CMA_Proxy,CMA,Peterborough,2021,65 years and over,"Total, gender","Uses information and communication technology-related (ICT-related) assistive aids, devices, or technologies",36.3,11588.048999999999,Approximation: applied Ontario CSD 2022 % to CMA 65+ population (2021–2025)
CMA_Proxy,CMA,Peterborough,2021,65 years and over,"Total, gender","Does not use information and communication technology-related (ICT-related) assistive aids, devices or technologies",63.7,20334.951,Approximation: applied Ontario CSD 2022 % to CMA 65+ population (2021–2025)
CMA_Proxy,CMA,Peterborough,2022,65 years and over,"Total, gender","Uses information and communication technology-related (ICT-related) assistive aids, devices, or technologies",36.3,11941.610999999999,Approximation: applied Ontario CSD 2022 % to CMA 65+ population (2021–2025)
CMA_Proxy,CMA,Peterborough,2022,65 years and over,"Total, gender","Does not use information and communication technology-related (ICT-related) assistive aids, devices or technologies",63.7,20955.389000000003,Approximation: applied Ontario CSD 2022 % to CMA 65+ population (2021–2025)
CMA_Proxy,CMA,Peterborough,2023,65 years and over,"Total, gender","Uses information and communication technology-related (ICT-related) assistive aids, devices, or technologies",36.3,12232.737,Approximation: applied Ontario CSD 2022 % to CMA 65+ population (2021–2025)
CMA_Proxy,CMA,Peterborough,2023,65 years and over,"Total, gender","Does not use information and communication technology-related (ICT-related) assistive aids, devices or technologies",63.7,21466.263000000003,Approximation: applied Ontario CSD 2022 % to CMA 65+ population (2021–2025)
CMA_Proxy,CMA,Peterborough,2024,65 years and over,"Total, gender","Uses information and communication technology-related (ICT-related) assistive aids, devices, or technologies",36.3,12521.685,Approximation: applied Ontario CSD 2022 % to CMA 65+ population (2021–2025)
CMA_Proxy,CMA,Peterborough,2024,65 years and over,"Total, gender","Does not use information and communication technology-related (ICT-related) assistive aids, devices or technologies",63.7,21973.315,Approximation: applied Ontario CSD 2022 % to CMA 65+ population (2021–2025)
CMA_Proxy,CMA,Peterborough,2025,65 years and over,"Total, gender","Uses information and communication technology-related (ICT-related) assistive aids, devices, or technologies",36.3,12829.872,Approximation: applied Ontario CSD 2022 % to CMA 65+ population (2021–2025)
CMA_Proxy,CMA,Peterborough,2025,65 years and over,"Total, gender","Does not use information and communication technology-related (ICT-related) assistive aids, devices or technologies",63.7,22514.128000000004,Approximation: applied Ontario CSD 2022 % to CMA 65+ population (2021–2025)
CMA_Proxy,CMA,St. Catharines - Niagara,2021,65 years and over,"Total, gender","Uses information and communication technology-related (ICT-related) assistive aids, devices, or technologies",36.3,37644.189,Approximation: applied Ontario CSD 2022 % to CMA 65+ population (2021–2025)
CMA_Proxy,CMA,St. Catharines - Niagara,2021,65 years and over,"Total, gender","Does not use information and communication technology-related (ICT-related) assistive aids, devices or technologies",63.7,66058.811,Approximation: applied Ontario CSD 2022 % to CMA 65+ population (2021–2025)
CMA_Proxy,CMA,St. Catharines - Niagara,2022,65 years and over,"Total, gender","Uses information and communication technology-related (ICT-related) assistive aids, devices, or technologies",36.3,38786.913,Approximation: applied Ontario CSD 2022 % to CMA 65+ population (2021–2025)
CMA_Proxy,CMA,St. Catharines - Niagara,2022,65 years and over,"Total, gender","Does not use information and communication technology-related (ICT-related) assistive aids, devices or technologies",63.7,68064.087,Approximation: applied Ontario CSD 2022 % to CMA 65+ population (2021–2025)
CMA_Proxy,CMA,St. Catharines - Niagara,2023,65 years and over,"Total, gender","Uses information and communication technology-related (ICT-related) assistive aids, devices, or technologies",36.3,39919.835999999996,Approximation: applied Ontario CSD 2022 % to CMA 65+ population (2021–2025)
CMA_Proxy,CMA,St. Catharines - Niagara,2023,65 years and over,"Total, gender","Does not use information and communication technology-related (ICT-related) assistive aids, devices or technologies",63.7,70052.164,Approximation: applied Ontario CSD 2022 % to CMA 65+ population (2021–2025)
CMA_Proxy,CMA,St. Catharines - Niagara,2024,65 years and over,"Total, gender","Uses information and communication technology-related (ICT-related) assistive aids, devices, or technologies",36.3,41138.426999999996,Approximation: applied Ontario CSD 2022 % to CMA 65+ population (2021–2025)
CMA_Proxy,CMA,St. Catharines - Niagara,2024,65 years and over,"Total, gender","Does not use information and communication technology-related (ICT-related) assistive aids, devices or technologies",63.7,72190.573,Approximation: applied Ontario CSD 2022 % to CMA 65+ population (2021–2025)
CMA_Proxy,CMA,St. Catharines - Niagara,2025,65 years and over,"Total, gender","Uses information and communication technology-related (ICT-related) assistive aids, devices, or technologies",36.3,42319.62899999999,Approximation: applied Ontario CSD 2022 % to CMA 65+ population (2021–2025)
CMA_Proxy,CMA,St. Catharines - Niagara,2025,65 years and over,"Total, gender","Does not use information and communication technology-related (ICT-related) assistive aids, devices or technologies",63.7,74263.371,Approximation: applied Ontario CSD 2022 % to CMA 65+ population (2021–2025)
CMA_Proxy,CMA,Thunder Bay,2021,65 years and over,"Total, gender","Uses information and communication technology-related (ICT-related) assistive aids, devices, or technologies",36.3,9937.851,Approximation: applied Ontario CSD 2022 % to CMA 65+ population (2021–2025)
CMA_Proxy,CMA,Thunder Bay,2021,65 years and over,"Total, gender","Does not use information and communication technology-related (ICT-related) assistive aids, devices or technologies",63.7,17439.149,Approximation: applied Ontario CSD 2022 % to CMA 65+ population (2021–2025)
CMA_Proxy,CMA,Thunder Bay,2022,65 years and over,"Total, gender","Uses information and communication technology-related (ICT-related) assistive aids, devices, or technologies",36.3,10218.449999999999,Approximation: applied Ontario CSD 2022 % to CMA 65+ population (2021–2025)
CMA_Proxy,CMA,Thunder Bay,2022,65 years and over,"Total, gender","Does not use information and communication technology-related (ICT-related) assistive aids, devices or technologies",63.7,17931.55,Approximation: applied Ontario CSD 2022 % to CMA 65+ population (2021–2025)
CMA_Proxy,CMA,Thunder Bay,2023,65 years and over,"Total, gender","Uses information and communication technology-related (ICT-related) assistive aids, devices, or technologies",36.3,10490.337,Approximation: applied Ontario CSD 2022 % to CMA 65+ population (2021–2025)
CMA_Proxy,CMA,Thunder Bay,2023,65 years and over,"Total, gender","Does not use information and communication technology-related (ICT-related) assistive aids, devices or technologies",63.7,18408.663,Approximation: applied Ontario CSD 2022 % to CMA 65+ population (2021–2025)
CMA_Proxy,CMA,Thunder Bay,2024,65 years and over,"Total, gender","Uses information and communication technology-related (ICT-related) assistive aids, devices, or technologies",36.3,10736.087999999998,Approximation: applied Ontario CSD 2022 % to CMA 65+ population (2021–2025)
CMA_Proxy,CMA,Thunder Bay,2024,65 years and over,"Total, gender","Does not use information and communication technology-related (ICT-related) assistive aids, devices or technologies",63.7,18839.912,Approximation: applied Ontario CSD 2022 % to CMA 65+ population (2021–2025)
CMA_Proxy,CMA,Thunder Bay,2025,65 years and over,"Total, gender","Uses information and communication technology-related (ICT-related) assistive aids, devices, or technologies",36.3,10979.297999999999,Approximation: applied Ontario CSD 2022 % to CMA 65+ population (2021–2025)
CMA_Proxy,CMA,Thunder Bay,2025,65 years and over,"Total, gender","Does not use information and communication technology-related (ICT-related) assistive aids, devices or technologies",63.7,19266.702,Approximation: applied Ontario CSD 2022 % to CMA 65+ population (2021–2025)
CMA_Proxy,CMA,Toronto,2021,65 years and over,"Total, gender","Uses information and communication technology-related (ICT-related) assistive aids, devices, or technologies",36.3,368208.32399999996,Approximation: applied Ontario CSD 2022 % to CMA 65+ population (2021–2025)
CMA_Proxy,CMA,Toronto,2021,65 years and over,"Total, gender","Does not use information and communication technology-related (ICT-related) assistive aids, devices or technologies",63.7,646139.676,Approximation: applied Ontario CSD 2022 % to CMA 65+ population (2021–2025)
CMA_Proxy,CMA,Toronto,2022,65 years and over,"Total, gender","Uses information and communication technology-related (ICT-related) assistive aids, devices, or technologies",36.3,381143.46599999996,Approximation: applied Ontario CSD 2022 % to CMA 65+ population (2021–2025)
CMA_Proxy,CMA,Toronto,2022,65 years and over,"Total, gender","Does not use information and communication technology-related (ICT-related) assistive aids, devices or technologies",63.7,668838.5340000001,Approximation: applied Ontario CSD 2022 % to CMA 65+ population (2021–2025)
CMA_Proxy,CMA,Toronto,2023,65 years and over,"Total, gender","Uses information and communication technology-related (ICT-related) assistive aids, devices, or technologies",36.3,396275.84699999995,Approximation: applied Ontario CSD 2022 % to CMA 65+ population (2021–2025)
CMA_Proxy,CMA,Toronto,2023,65 years and over,"Total, gender","Does not use information and communication technology-related (ICT-related) assistive aids, devices or technologies",63.7,695393.1529999999,Approximation: applied Ontario CSD 2022 % to CMA 65+ population (2021–2025)
CMA_Proxy,CMA,Toronto,2024,65 years and over,"Total, gender","Uses information and communication technology-related (ICT-related) assistive aids, devices, or technologies",36.3,412864.9469999999,Approximation: applied Ontario CSD 2022 % to CMA 65+ population (2021–2025)
CMA_Proxy,CMA,Toronto,2024,65 years and over,"Total, gender","Does not use information and communication technology-related (ICT-related) assistive aids, devices or technologies",63.7,724504.053,Approximation: applied Ontario CSD 2022 % to CMA 65+ population (2021–2025)
CMA_Proxy,CMA,Toronto,2025,65 years and over,"Total, gender","Uses information and communication technology-related (ICT-related) assistive aids, devices, or technologies",36.3,429232.25399999996,Approximation: applied Ontario CSD 2022 % to CMA 65+ population (2021–2025)
CMA_Proxy,CMA,Toronto,2025,65 years and over,"Total, gender","Does not use information and communication technology-related (ICT-related) assistive aids, devices or technologies",63.7,753225.746,Approximation: applied Ontario CSD 2022 % to CMA 65+ population (2021–2025)
CMA_Proxy,CMA,Windsor,2021,65 years and over,"Total, gender","Uses information and communication technology-related (ICT-related) assistive aids, devices, or technologies",36.3,29955.849,Approximation: applied Ontario CSD 2022 % to CMA 65+ population (2021–2025)
CMA_Proxy,CMA,Windsor,2021,65 years and over,"Total, gender","Does not use information and communication technology-related (ICT-related) assistive aids, devices or technologies",63.7,52567.151000000005,Approximation: applied Ontario CSD 2022 % to CMA 65+ population (2021–2025)
CMA_Proxy,CMA,Windsor,2022,65 years and over,"Total, gender","Uses information and communication technology-related (ICT-related) assistive aids, devices, or technologies",36.3,30990.762,Approximation: applied Ontario CSD 2022 % to CMA 65+ population (2021–2025)
CMA_Proxy,CMA,Windsor,2022,65 years and over,"Total, gender","Does not use information and communication technology-related (ICT-related) assistive aids, devices or technologies",63.7,54383.238,Approximation: applied Ontario CSD 2022 % to CMA 65+ population (2021–2025)
CMA_Proxy,CMA,Windsor,2023,65 years and over,"Total, gender","Uses information and communication technology-related (ICT-related) assistive aids, devices, or technologies",36.3,31977.759,Approximation: applied Ontario CSD 2022 % to CMA 65+ population (2021–2025)
CMA_Proxy,CMA,Windsor,2023,65 years and over,"Total, gender","Does not use information and communication technology-related (ICT-related) assistive aids, devices or technologies",63.7,56115.24100000001,Approximation: applied Ontario CSD 2022 % to CMA 65+ population (2021–2025)
CMA_Proxy,CMA,Windsor,2024,65 years and over,"Total, gender","Uses information and communication technology-related (ICT-related) assistive aids, devices, or technologies",36.3,33018.479999999996,Approximation: applied Ontario CSD 2022 % to CMA 65+ population (2021–2025)
CMA_Proxy,CMA,Windsor,2024,65 years and over,"Total, gender","Does not use information and communication technology-related (ICT-related) assistive aids, devices or technologies",63.7,57941.52,Approximation: applied Ontario CSD 2022 % to CMA 65+ population (2021–2025)
CMA_Proxy,CMA,Windsor,2025,65 years and over,"Total, gender","Uses information and communication technology-related (ICT-related) assistive aids, devices, or technologies",36.3,34084.611,Approximation: applied Ontario CSD 2022 % to CMA 65+ population (2021–2025)
CMA_Proxy,CMA,Windsor,2025,65 years and over,"Total, gender","Does not use information and communication technology-related (ICT-related) assistive aids, devices or technologies",63.7,59812.389,Approximation: applied Ontario CSD 2022 % to CMA 65+ population (2021–2025)
